ILOC_CODE_2021,ILOC_NAME_2021,AREA_ALBERS_SQKM,IARE_CODE_2021
10100101,Bogan,14999.2903,101001
10100201,Dubbo - East,24.6351,101002
10100202,Dubbo - North,22.6494,101002
10100203,Dubbo - South,6.7415,101002
10100204,Dubbo - Surrounds,3734.9198,101002
10100205,Dubbo - West,14.1141,101002
10100301,Gilgandra,4442.6569,101003
10100401,Narromine,13.455,101004
10100402,Narromine - Surrounds,5940.8219,101004
10100403,Trangie,1.9766,101004
10100501,Parkes,17.0228,101005
10100502,Parkes - Surrounds,5632.254,101005
10100503,Peak Hill,3.6436,101005
10100601,Warren,9681.2509,101006
10100701,Coonabarabran,11.0219,101007
10100702,Coonabarabran - Surrounds,10463.1112,101007
10100801,Wellington,9.3292,101008
10100802,Wellington - Surrounds,4102.1768,101008
10200101,Armidale,3760.1185,102001
10200201,Glen Innes,5479.977,102002
10200301,Gunnedah,33.352,102003
10200302,Gunnedah - Surrounds,4907.9365,102003
10200401,Guyra,4675.7858,102004
10200402,Tingha,2.404,102004
10200501,Gwydir,8788.6174,102005
10200502,Inverell,8646.8927,102005
10200601,Liverpool Plains,5061.887,102006
10200602,Quirindi,9.78,102006
10200603,Walhallow Reserve (Carooma),0.7243,102006
10200604,Werris Creek,5.4511,102006
10200701,Moree - North,3.7889,102007
10200702,Moree - South,8.5969,102007
10200703,Moree - West,23.4059,102007
10200704,Stanley Village,3.5093,102007
10200801,Boggabilla,4.2486,102008
10200802,Moree Plains,17478.1385,102008
10200803,Mungindi,2.2911,102008
10200804,Toomelah,799.2273,102008
10200901,Muswellbrook,11.8912,102009
10200902,Muswellbrook - Surrounds,3392.9929,102009
10201001,Narrabri,15.0958,102010
10201002,Narrabri - Surrounds,13041.1012,102010
10201003,Wee Waa,4.5377,102010
10201101,Tamworth,240.7449,102011
10201102,Tamworth - Surrounds,8980.4841,102011
10201201,Jubullum Village,0.9837,102012
10201202,Tenterfield,7323.3235,102012
10201301,Upper Hunter,8067.5327,102013
10201401,Uralla,3094.9609,102014
10201402,Walcha,6742.5353,102014
10300101,Bourke,6.5338,103001
10300102,Bourke - Surrounds,42021.642,103001
10300204,Barwon Four,0.9134,103002
10300205,Brewarrina,6.6091,103002
10300206,Brewarrina - Surrounds,18502.7998,103002
10300207,Goodooga,1.4455,103002
10300301,Cobar,45547.4194,103003
10300302,Murrin Bridge,3.9786,103003
10300401,Coonamble,10.1731,103004
10300402,Coonamble - Surrounds,9613.0001,103004
10300403,Gulargambone,5.4223,103004
10300501,Broken Hill,170.1153,103005
10300503,Menindee,7.6491,103005
10300505,Broken Hill - Surrounds,146673.5859,103005
10300506,Wilcannia,3.4967,103005
10300601,Collarenebri,1.1145,103006
10300602,Gingie Reserve,1.6608,103006
10300603,Lightning Ridge,2.9268,103006
10300605,Walgett,5.7855,103006
10300608,Namoi Reserve,0.7963,103006
10300609,Walgett - Surrounds,23300.4275,103006
10400101,Bagotville,80.2488,104001
10400102,Ballina,25.528,104001
10400103,Ballina - Surrounds,374.778,104001
10400201,Byron,568.1142,104002
10400301,Cessnock - Bellbird - Aberdare,20.6492,104003
10400302,Cessnock - Surrounds,1934.3087,104003
10400303,Kurri Kurri - Weston,13.2501,104003
10400401,Baryulgil - Malabugilmah,1984.8335,104004
10400402,Clarence Valley,5774.9858,104004
10400403,Grafton,581.4799,104004
10400404,Yamba,8.8924,104004
10400405,Yamba - Surrounds,2105.8986,104004
10400501,Bellingen,1620.8348,104005
10400502,Bowraville,2.2294,104005
10400503,Coffs Harbour,1139.6076,104005
10400504,Macksville,15.8438,104005
10400505,Nambucca - Surrounds,1441.7236,104005
10400506,Nambucca Heads,11.1453,104005
10400507,Sawtell,13.2251,104005
10400601,Dungog,2249.9983,104006
10400602,Gloucester,2933.8676,104006
10400701,Gosford - East,112.577,104007
10400702,Gosford - West,828.6396,104007
10400801,Bulahdelah,3313.0092,104008
10400802,Forster,15.2601,104008
10400803,Tuncurry,9.0917,104008
10400901,Kempsey,12.1984,104009
10400902,Kempsey - Surrounds,2213.6253,104009
10400903,Mirriwinni Gardens - Bellbrook,1583.1199,104009
10400904,Old Burnt - New Burnt Bridge - Greenhill,43.9162,104009
10400905,South West Rocks,15.5227,104009
10401001,Kyogle,3251.5576,104010
10401002,Muli Muli - Woodenbong,300.2096,104010
10401201,Goonellabah,25.2269,104012
10401202,Lismore - North,64.0395,104012
10401203,Lismore - South,78.9964,104012
10401204,Lismore - Surrounds,1134.2285,104012
10401301,Maitland,388.5306,104013
10401401,Newcastle - Inner City,57.1824,104014
10401402,Newcastle - Outer West,101.8904,104014
10401403,Throsby,29.6388,104014
10401501,Hastings,3621.0739,104015
10401502,Port Macquarie,54.4223,104015
10401503,Wauchope,12.2732,104015
10401601,Karuah,3.0402,104016
10401602,Medowie,21.1045,104016
10401603,Nelson Bay,19.0109,104016
10401604,Port Stephens - Surrounds,820.5175,104016
10401605,Raymond Terrace,30.8188,104016
10401701,Casino,66.559,104017
10401702,Coraki,3.0021,104017
10401703,Richmond Valley exc. Casino,2991.0462,104017
10401801,Singleton,4348.5749,104018
10401901,Purfleet,7.5225,104019
10401902,Taree,55.7552,104019
10401903,Taree - Surrounds,3670.6672,104019
10401904,Wingham,7.2557,104019
10402001,Murwillumbah,1058.2189,104020
10402002,Tweed Coast,129.0023,104020
10402003,Tweed Heads,120.5641,104020
10402201,Lake Macquarie - East,84.4429,104022
10402202,Lake Macquarie - North,155.4671,104022
10402203,Lake Macquarie - West,352.9906,104022
10402301,Wyong - North-East,181.2417,104023
10402302,Wyong - South-West,612.2752,104023
10500101,Albury - East,156.268,105001
10500102,Albury - West,197.2793,105001
10500201,Balranald,3.5294,105002
10500202,Balranald - Wentworth - Surrounds,49739.3408,105002
10500203,Coomealla,0.8278,105002
10500204,Dareton,2.447,105002
10500205,Wentworth,4.6048,105002
10500301,Bathurst,3809.6,105003
10500401,Blayney - Cabonne,6735.0681,105004
10500501,Carrathool - Murrumbidgee - Surrounds,20426.5561,105005
10500502,Darlington Point,4.3483,105005
10500503,Hillston,6.3583,105005
10500601,Central Murray,33818.6148,105006
10500701,Coolamon - Temora - West Wyalong,16807.2401,105007
10500801,Cootamundra,1656.1222,105008
10500901,Cowra,2897.876,105009
10501001,Deniliquin,143.2081,105010
10501002,Murray,4342.8234,105010
10501101,Forbes,4227.7726,105011
10501201,Griffith,1571.1699,105012
10501202,Leeton,1190.1672,105012
10501301,Gundagai - Junee - Harden,6252.0815,105013
10501401,Condobolin,8.7273,105014
10501402,Lachlan,15844.0336,105014
10501403,Lake Cargelligo,6.0893,105014
10501501,Lithgow,5082.7818,105015
10501502,Oberon,3174.5829,105015
10501601,Mudgee,10961.8425,105016
10501701,Narrandera,3809.1326,105017
10501801,Bletchington,5.3278,105018
10501802,Bowen,6.2561,105018
10501803,Calare,8.2041,105018
10501804,Glenroi,3.6048,105018
10501805,Orange - Central,3.4286,105018
10501806,Orange - Surrounds,249.5658,105018
10501807,Warrendine - Bloomfield,7.8287,105018
10501901,Tumut,4654.0518,105019
10502001,Upper Murray,18640.9476,105020
10502101,Wagga Wagga - East,21.0978,105021
10502102,Wagga Wagga - North,9.2653,105021
10502103,Wagga Wagga - South,25.9164,105021
10502104,Wagga Wagga - Surrounds,4818.763,105021
10502105,Wagga Wagga - West,9.5412,105021
10502201,Young,2643.8843,105022
10600101,Bega,13.2532,106001
10600102,Bega - Surrounds,7920.6676,106001
10600103,Eden,8.161,106001
10600201,Batemans Bay,94.1611,106002
10600202,Bodalla,1.0239,106002
10600203,Eurobodalla,1803.1347,106002
10600204,Moruya,10.8211,106002
10600205,Narooma,7.4279,106002
10600206,Wallaga Lake,5.8371,106002
10600301,Culburra - Orient Point,7.0568,106003
10600302,Nowra,26.4977,106003
10600303,Shoalhaven,4341.3928,106003
10600401,Queanbeyan,197.1176,106004
10600402,Snowy - Monaro,20464.4917,106004
10600501,Goulburn Mulwaree,3123.7583,106005
10600502,Southern Tablelands,13683.8221,106005
10600503,Wingecaribee,3074.3569,106005
10700101,Auburn,32.4768,107001
10700201,Baulkham Hills,400.4136,107002
10700301,Bidwill,1.6945,107003
10700302,Blackett,1.2537,107003
10700303,Blacktown - North,86.6725,107003
10700304,Blacktown - South,59.7864,107003
10700305,Dharruk,0.9417,107003
10700306,Doonside - Woodcroft,12.857,107003
10700307,Emerton,0.7055,107003
10700308,Glendenning,5.6077,107003
10700309,Hassall Grove - Oakhurst - Plumpton,4.8333,107003
10700310,Hebersham,1.4996,107003
10700311,Kings Langley,5.1858,107003
10700312,Lalor Park,4.3143,107003
10700313,Lethbridge Park,1.6238,107003
10700314,Marayong,3.3883,107003
10700315,Mount Druitt - Whalan,9.0807,107003
10700316,Parklea - Glenwood - Acacia Gardens,11.3118,107003
10700317,Quakers Hill,11.2652,107003
10700318,Rooty Hill,8.4683,107003
10700319,Shalvey - Willmot,2.4987,107003
10700320,Tregear - Ropes Crossing,7.1447,107003
10700401,Blaxland - Glenbrook,15.271,107004
10700402,Blue Mountains -  Surrounds,818.2783,107004
10700403,Katoomba,56.2077,107004
10700404,Lawson,40.8106,107004
10700405,Springwood,11.8403,107004
10700501,Botany Bay,16.6527,107005
10700601,Camden,206.0613,107006
10700701,Airds,2.3806,107007
10700702,Ambarvale - Glen Alpine,5.5115,107007
10700703,Bradbury,3.7338,107007
10700704,Campbelltown - Surrounds,212.0175,107007
10700705,Campbelltown - Woodbine - Leumeah,17.3218,107007
10700706,Claymore - Eagle Vale,10.4406,107007
10700707,Ingleburn - Denham Court,31.394,107007
10700708,Macquarie Fields - Glenfield,16.0182,107007
10700709,Minto,10.3311,107007
10700710,Raby - St Andrews - Kearns,14.5668,107007
10700711,Rosemeadow,2.9755,107007
10700712,Ruse,2.8493,107007
10700713,St Helens Park,5.1647,107007
10700801,Bankstown - North-East,16.9344,107008
10700802,Bankstown - North-West,31.3105,107008
10700803,Bankstown - South,28.8959,107008
10700804,Canterbury,33.5634,107008
10700901,Fairfield - East,37.4007,107009
10700902,Fairfield - West,91.8865,107009
10701001,Hawkesbury,2511.8444,107010
10701002,Hawkesbury - Richmond,54.8385,107010
10701003,Hawkesbury - Windsor,92.2812,107010
10701101,Holroyd,41.221,107011
10701201,Hornsby - Ku-ring-gai,551.6707,107012
10701301,Hunters Hill - Ryde,46.1915,107013
10701401,Hurstville,22.7211,107014
10701402,Kogarah,15.5847,107014
10701501,Kiama,243.3774,107015
10701502,Shellharbour,147.4208,107015
10701601,Leichhardt,10.6577,107016
10701701,Liverpool - East,114.9564,107017
10701702,Liverpool - West,159.6396,107017
10701801,Lord Howe Island,16.2918,107018
10701901,Marrickville,16.6539,107019
10702001,Manly - Warringah,163.5578,107020
10702002,Pittwater,90.6494,107020
10702101,Parramatta - Central,17.9982,107021
10702102,Parramatta - North-East,17.9065,107021
10702103,Parramatta - North-West,13.4695,107021
10702104,Parramatta - South,11.002,107021
10702201,Cranebrook - Londonberry,152.9532,107022
10702202,Glenmore Park,9.233,107022
10702203,Penrith - Central,19.4126,107022
10702204,Penrith - Inner East,20.6101,107022
10702205,Penrith - Outer East,17.5167,107022
10702206,Penrith - South,182.0992,107022
10702207,Penrith - West,13.794,107022
10702301,La Perouse,5.2107,107023
10702302,Randwick,31.1203,107023
10702401,Rockdale,33.9677,107024
10702501,Sutherland Shire - East,195.0311,107025
10702502,Sutherland Shire - West,101.2199,107025
10702601,Alexandria - Darlington - Waterloo,10.9069,107026
10702602,Darlinghurst - Paddington - Surry Hills,6.5893,107026
10702603,Glebe - Prymont - The Rocks,8.0837,107026
10702604,Redfern,0.7817,107026
10702701,Ashfield,8.2829,107027
10702702,Burwood,7.1282,107027
10702703,Canada Bay,19.9117,107027
10702704,Strathfield,13.5779,107027
10702801,Lane Cove - Willoughby,32.9685,107028
10702802,Mosman - North Sydney,19.0774,107028
10702901,Wollondilly,3390.8841,107029
10703001,Wollongong,404.1,107030
10703101,Waverley,9.3506,107031
10703102,Woollahra,12.2789,107031
19499494,No usual address (NSW),,194994
19799797,Migratory - Offshore - Shipping (NSW),,197997
20100101,Keilor,59.1766,201001
20100102,Sunshine,64.2225,201001
20100201,Cardinia,1283.289,201002
20100301,Craigieburn - Sunbury,459.4733,201003
20100401,Cranbourne,71.9443,201004
20100402,Hallam - Berwick - Pearcedale,337.4844,201004
20100501,Chelsea,91.3676,201005
20100502,Frankston - East,65.276,201005
20100503,Frankston - West,64.3221,201005
20100601,Greater Dandenong,129.5466,201006
20100701,Wantrina - Rowville - Ferntree Gully,118.3018,201007
20100801,Maribyrnong,31.2258,201008
20100802,Moonee Valley,43.1278,201008
20100901,Maroondah,61.4097,201009
20101001,Bayside,37.2111,201010
20101002,Boroondara,60.0159,201010
20101003,Glen Eira,64.3418,201010
20101101,Heidelberg,32.6275,201011
20101102,Manningham,115.0277,201011
20101103,Nillumbik,432.2642,201011
20101104,Watsonia,29.9858,201011
20101201,Melbourne - Central,37.5558,201012
20101202,Port Phillip,20.6141,201012
20101203,Yarra,19.5421,201012
20101301,Melton,527.5374,201013
20101401,Mount Waverley,32.2379,201014
20101402,Oakleigh,21.3377,201014
20101403,Wheelers Hill,27.9073,201014
20101501,Broadmeadows,44.3755,201015
20101502,Brunswick,10.6509,201015
20101503,Coburg,18.2677,201015
20101504,Moreland - North,22.0336,201015
20101601,Mornington - East,214.6345,201016
20101602,Mornington - South,423.4201,201016
20101603,Mornington - West,86.1135,201016
20101701,Northcote,14.0275,201017
20101702,Preston,39.4437,201017
20101703,Whittlesea,489.6938,201017
20101801,Box Hill,21.5881,201018
20101802,Nunawading - East,21.5122,201018
20101803,Nunawading - West,21.1754,201018
20101901,Altona,62.2158,201019
20101902,Tarneit - Hoppers Crossing,129.4767,201019
20101903,Werribee - Whyndam Vale,414.6423,201019
20102001,Yarra Ranges,2461.5792,201020
20200101,Ballarat,1200.4105,202001
20200201,Baw Baw,3996.3353,202002
20200301,Ascot - White Hills,67.7769,202003
20200302,Bendigo,16.0796,202003
20200303,Bendigo - Surrounds,3050.3027,202003
20200304,Eaglehawk,32.9308,202003
20200305,East Bendigo,30.3518,202003
20200306,Maiden Gully - Kangaroo Flats,83.8904,202003
20200401,Campaspe - West,3463.4021,202004
20200402,Echuca,49.3981,202004
20200403,Kyabram,996.4597,202004
20200404,Moira,4045.9201,202004
20200405,Shepparton,2378.6861,202004
20200501,Castlemaine - Kerang,22169.681,202005
20200601,Geelong - Queenscliff,1256.6038,202006
20200701,Bairnsdale,155.0115,202007
20200702,East Gippsland,21556.1072,202007
20200703,Lake Tyers,2.0886,202007
20200704,Wellington (Vic.),10044.7738,202007
20200801,Moe - Yallourn,343.0123,202008
20200802,Morwell,85.4861,202008
20200803,Traralgon - Churchill,946.1959,202008
20200901,Macedon Ranges,1760.4647,202009
20200902,Moorabool,2085.4242,202009
20201001,Mildura,22081.9206,202010
20201101,Bass Coast,1034.7547,202011
20201102,South Gippsland,3389.3439,202011
20201201,Corangamite - Golden Plains,12135.4584,202012
20201202,Framlingham,3.0497,202012
20201203,Moyne - Ararat - Pyrenees,13072.1719,202012
20201301,Glenelg North - Heywood,6121.4257,202013
20201302,Portland,63.985,202013
20201303,Southern Grampians,6760.9807,202013
20201401,Swan Hill,15.5557,202014
20201402,Swan Hill  - Robinvale,1119.2312,202014
20201403,Swan Hill  - Surrounds,4932.9783,202014
20201501,Benalla,24.2709,202015
20201502,Strathbogie - Mansfield - Murimbindi,13589.2457,202015
20201601,Wallan - Seymour,2737.4083,202016
20201701,Warrnambool,182.6156,202017
20201801,Wimmera,33955.3042,202018
20201901,Alpine - Towong - Indigo,13548.4182,202019
20201902,Wangaratta,3645.1096,202019
20201903,Wodonga,433.0021,202019
29499494,No usual address (Vic.),,294994
29799797,Migratory - Offshore - Shipping (Vic.),,297997
30100101,Beaudesert - Boonah,4251.8807,301001
30100201,Brisbane City - Inner East,46.6814,301002
30100202,Brisbane City - Inner North,18.7263,301002
30100203,Brisbane City - Inner North-West,78.6166,301002
30100204,Brisbane City - Inner South,9.8168,301002
30100205,Brisbane City - Inner South-West,35.9943,301002
30100207,Brisbane City - Outer North,244.2783,301002
30100208,Brisbane City - Outer South,171.4061,301002
30100209,Brisbane City - Outer West,375.852,301002
30100210,Inala - Richlands,10.8743,301002
30100211,Wacol - Doolandella - Forest Lake,34.0941,301002
30100212,Brisbane City - Outer East,135.0789,301002
30100213,Moreton Bay Islands,188.1811,301002
30100302,Bribie - Beachmere,255.4465,301003
30100303,Caboolture,839.742,301003
30100304,Narangba - Burpengary,172.4129,301003
30100401,Caloundra,1039.8549,301004
30100501,Esk - Kilcoy,5370.6539,301005
30100601,Gatton,1576.7593,301006
30100602,Laidley,695.0257,301006
30100702,Broadbeach - Burleigh,33.6726,301007
30100703,Coolangatta,34.9326,301007
30100704,Gold Coast - North,40.6695,301007
30100705,Gold Coast Hinterland,303.6558,301007
30100706,Mudgeeraba - Tallebudgera,189.0406,301007
30100707,Nerang,123.1535,301007
30100708,Ormeau - Oxenford,519.8605,301007
30100709,Robina,33.6326,301007
30100710,Southport,35.0565,301007
30100711,Surfers Paradise,19.7118,301007
30100802,Ipswich,974.5118,301008
30100803,Springfield - Redbank,103.5925,301008
30100901,Browns Plains,22.9421,301009
30100902,Kingston,8.3457,301009
30100903,Logan - Surrounds,888.0805,301009
30100904,Loganlea,11.3071,301009
30100905,Marsden,17.6279,301009
30100906,Woodridge,9.83,301009
30101001,Maroochy,1177.2738,301010
30101101,Noosa,868.7823,301011
30101201,Pine Rivers - East,104.8537,301012
30101202,Pine Rivers - West,668.541,301012
30101301,Redcliffe,38.2742,301013
30101402,Minjerribah (North Stradbroke Island),277.1095,301014
30101403,Redland,260.0577,301014
30300101,Aurukun,7423.9891,303001
30300201,Cape York Wilderness,107592.2006,303002
30300202,Coen,2.1451,303002
30300203,Laura,11.2052,303002
30300301,Cooktown,24.4864,303003
30300401,Hope Vale,1111.7099,303004
30300501,Kowanyama,2555.3325,303005
30300601,Lockhart River,4200.782,303006
30300701,Mapoon,15.2735,303007
30300702,Napranum,2.0387,303007
30300703,Weipa,15.8036,303007
30300801,Bamaga and Surrounds,500.6632,303008
30300802,Injinoo,894.0024,303008
30300803,New Mapoon,98.6618,303008
30300804,Seisia,1.955,303008
30300805,Umagico,51.42,303008
30300901,Pormpuraaw,4395.3654,303009
30400101,Boulia,60906.4695,304001
30400102,Diamantina,94722.429,304001
30400103,Winton,53813.4826,304001
30400201,Carpentaria exc. Doomadgee,113178.7269,304002
30400202,Doomadgee,4.9976,304002
30400203,Mornington,1247.6932,304002
30400204,Normanton,12.1609,304002
30400301,Cloncurry - McKinlay,88708.0584,304003
30400401,Camooweal,2.6885,304004
30400402,Mount Isa exc. Camooweal,36146.5111,304004
30500101,Banana - North,14728.9773,305001
30500102,Banana - South,13806.4238,305001
30500103,Biloela,14.7854,305001
30500201,Barcaldine,53382.654,305002
30500202,Blackall - Tambo,30537.248,305002
30500203,Longreach,40572.2442,305002
30500301,Bundaberg - City,97.0416,305003
30500302,Bundaberg - Surrounds,6334.0473,305003
30500401,Blackwater,11.4208,305004
30500402,Central Highlands,59955.4758,305004
30500403,Emerald,38.982,305004
30500404,Woorabinda,219.5151,305004
30500501,Fraser Coast,6912.4575,305005
30500502,Hervey Bay,57.6048,305005
30500503,Maryborough,34.446,305005
30500601,Gladstone - City,123.124,305006
30500602,Gladstone - South Coast,3772.801,305006
30500603,Gladstone - Surrounds,6588.3611,305006
30500701,Dysart,5.0853,305007
30500702,Moranbah,12.5367,305007
30500703,Nebo - Clermont,58690.2972,305007
30500801,Eidsvold,2.8711,305008
30500802,Gayndah,7.9564,305008
30500803,North Burnett - Rural,19659.0214,305008
30500901,Gracemere,40.4289,305009
30500902,Mount Morgan,490.6655,305009
30500903,Rockhampton,175.9818,305009
30500904,Rockhampton - North,11732.2593,305009
30500905,Rockhampton - South,5863.1905,305009
30500906,Yeppoon,25.6093,305009
30600101,Balonne exc. St George and Dirranbandi,31079.3824,306001
30600102,Dirranbandi,8.9925,306001
30600103,St George,15.7102,306001
30600201,Bulloo - Quilpie - Barcoo,202966.8343,306002
30600301,Cherbourg,31.6002,306003
30600401,Cooloola,3657.5265,306004
30600402,Gympie,56.671,306004
30600501,Dalby,28.0063,306005
30600601,Goondiwindi  - Surrounds,18347.9209,306006
30600602,Goondiwindi,5.5977,306006
30600603,Stanthorpe,2690.7975,306006
30600701,Jondaryan,1834.6858,306007
30600702,Oakey,9.8105,306007
30600801,Maranoa exc. Roma and Mitchell,58620.2999,306008
30600802,Mitchell,6.0628,306008
30600803,Roma,78.0284,306008
30600901,Murgon,579.8277,306009
30601001,Murweh,40699.7586,306010
30601101,Nanango - Kilkivan,4909.773,306011
30601201,Paroo,47614.9225,306012
30601301,Kingaroy,2440.9205,306013
30601302,Wondai,3720.9075,306013
30601401,Warwick,37.1952,306014
30601402,Warwick - Surrounds,4440.6516,306014
30601501,Toowoomba - Central,142.3219,306015
30601601,Crows Nest,1596.5968,306016
30601602,Rosalie,2427.9652,306016
30601701,Greenmount - Clifton - Cambooya,1491.4855,306017
30601702,Millmerran,4517.0062,306017
30601703,Pittsworth,925.6424,306017
30601801,Chinchilla,8048.7229,306018
30601802,Murilla - Wandoan,11841.615,306018
30601803,Tara (Qld),13208.4392,306018
30601804,Wambo,5672.3261,306018
30700101,Hammond Island,15.6029,307001
30700102,Horn Island,53.1849,307001
30700103,Muralag and Inner Islands,258.4264,307001
30700104,Port Kennedy (Thursday Island),1.8269,307001
30700105,TRAWQ (Thursday Island),1.8915,307001
30700201,Boigu Island,71.4085,307002
30700202,Dauan Island,32.2882,307002
30700203,Saibai Island,104.1132,307002
30700301,Badu Island,102.5447,307003
30700302,Kubin (Moa Island),169.6921,307003
30700303,Mabuiag Island,6.2719,307003
30700304,St Pauls (Moa Island),17.9532,307003
30700401,Iama (Yam) Island,1.8608,307004
30700402,Poruma (Coconut) Island,28.2422,307004
30700403,Warraber Island,1.0079,307004
30700404,Masig (Yorke Island),1.5737,307004
30700501,Erub (Darnley) Island,5.6417,307005
30700502,Mer (Murray) Island,4.8647,307005
30700503,Ugar (Stephens) Island,0.7553,307005
30900101,Atherton,622.4878,309001
30900201,Barron,83.8112,309002
30900202,Cairns - City,6.2093,309002
30900203,Cairns - North,53.5246,309002
30900204,Cairns - West,14.3667,309002
30900205,Cairns - White Rock - Mt Sheridan,11.0107,309002
30900206,Edmonton,17.0289,309002
30900207,Gordonvale,14.4744,309002
30900208,Manunda - Portsmith,18.6067,309002
30900209,Mount Whitfield,29.6362,309002
30900210,Trinity,79.3213,309002
30900301,Mossman,2.5783,309003
30900302,Mossman - Surrounds,616.2729,309003
30900303,Mossman Gorge,0.3742,309003
30900401,Cairns - Southern Hinterlands,1750.7014,309004
30900501,Eacham,867.6794,309005
30900601,Herberton,3.7852,309006
30900602,Herberton Tablelands,9556.1486,309006
30900603,Mount Garnet,2.7675,309006
30900604,Ravenshoe,3.5227,309006
30900701,Innisfail,27.82,309007
30900702,Johnstone,1468.1066,309007
30900801,Etheridge Tablelands,122134.7168,309008
30900802,Kowrowa - Mona Mona,16.2637,309008
30900803,Mantaka,0.2104,309008
30900901,Mareeba,20.5466,309009
30901001,Cardwell,3039.1661,309010
30901002,Jumbun,9.3096,309010
30901003,Tully,7.0421,309010
30901101,Cape Tribulation - China Camp - Zig Zag,1801.8659,309011
30901102,Wujal Wujal,1.1619,309011
30901201,Yarrabah,158.8381,309012
31000101,Bowen (Qld),21144.8646,310001
31000201,Ayr,21.1957,310002
31000202,Burdekin,4927.2637,310002
31000301,Charters Towers,41.8593,310003
31000401,Flinders - Richmond - Dalrymple,136120.9906,310004
31000501,Hinchinbrook,2787.0555,310005
31000502,Ingham,20.1334,310005
31000601,Mackay,238.8744,310006
31000701,Mackay - Surrounds,2610.6357,310007
31000801,Mirani,3324.1403,310008
31000901,Palm Island,71.9928,310009
31001001,Proserpine - Whitsunday,2674.1083,310010
31001101,Sarina,1439.6459,310011
31001201,Thuringowa,242.2022,310012
31001301,Townsville,166.1413,310013
31001401,Townsville - Northern Beaches,1008.6848,310014
31001402,Townsville - Southern Rangelands,2409.264,310014
39499494,No usual address (Qld),,394994
39799797,Migratory - Offshore - Shipping (Qld),,397997
40100101,Adelaide - Central,15.5733,401001
40100102,Prospect - Walkerville,11.3215,401001
40100201,Adelaide Hills,766.3541,401002
40100202,Mount Barker,620.6837,401002
40100301,Barossa,3101.755,401003
40100401,Barmera,649.4839,401004
40100402,Berri,142.6018,401004
40100501,Campbelltown,26.447,401005
40100502,Norwood - Payneham - St Peters,15.1036,401005
40100601,Charles Sturt - Coast,16.8901,401006
40100602,Charles Sturt - Inner East,11.7459,401006
40100603,Charles Sturt - Inner West,12.0357,401006
40100604,Charles Sturt - North-East,13.7796,401006
40100701,Fleurieu - Kangaroo Island,7363.5869,401007
40100801,Gawler,42.2619,401008
40100901,Holdfast Bay,13.8786,401009
40100902,West Torrens,37.2389,401009
40101001,Loxton - Waikerie,7514.4184,401010
40101002,Mid Murray,6440.2883,401010
40101101,Marion - Central,23.2227,401011
40101102,Marion - North,11.738,401011
40101103,Marion - South,20.576,401011
40101201,Murray Bridge,1925.7329,401012
40101301,Meningie,5.7809,401013
40101302,Murray Mallee,19185.1721,401013
40101303,Raukkan,2.6785,401013
40101401,Onkaparinga - Central North,98.278,401014
40101402,Onkaparinga - North Coast,25.6293,401014
40101403,Onkaparinga - South,394.2881,401014
40101501,Playford - Central West,8.9191,401015
40101502,Playford - East,146.4286,401015
40101503,Playford - Elizabeth,20.5201,401015
40101504,Playford - West,170.8601,401015
40101601,Port Adelaide - Enfield - Coast,21.5674,401016
40101602,Port Adelaide - Enfield - East,17.6897,401016
40101603,Port Adelaide - Enfield - Inner,15.1765,401016
40101604,Port Adelaide - Enfield - Park,24.4079,401016
40101605,Port Adelaide - Enfield - Port,21.7973,401016
40101701,Renmark Paringa,916.442,401017
40101801,Salisbury - Central,21.0515,401018
40101802,Salisbury - North-East,16.5101,401018
40101803,Salisbury - South-East,20.6241,401018
40101804,Salisbury - West,101.0497,401018
40101901,Limestone Coast,21303.5076,401019
40101902,Mount Gambier,32.8804,401019
40102001,Tea Tree Gully,94.2993,401020
40102101,Burnside,27.5183,401021
40102102,Mitcham,75.5468,401021
40102103,Unley,14.2703,401021
40102201,Wakefield - Clare and Gilbert Valleys,5327.9234,401022
40102301,Copper Coast - Barunga West,2465.4544,401023
40102302,Point Pearce,535.6349,401023
40102303,Yorke Peninsula,5392.5875,401023
40200101,Amata - Tjurma Homelands,5086.3236,402001
40200102,Anilalya Homelands,6878.9704,402001
40200103,Indulkana and Indulkana Homelands,18576.6969,402001
40200104,Kalka and Homelands,8719.5298,402001
40200105,Kaltjiti (Fregon) and Irintata Homelands,4618.8108,402001
40200106,Kanpi - Nyapari - Angatja,2711.6047,402001
40200107,Mimili and Mimili Homelands,6302.7635,402001
40200108,Pipalyatjara,10.1398,402001
40200109,Pukatja (Ernabella),8.4778,402001
40200110,Watarru and Outstations,49445.8338,402001
40200201,Coober Pedy,75.4777,402002
40200202,Umoona,2.2018,402002
40200301,Dunjiba (Oodnadatta),9.0418,402003
40200302,Iga Warta Homeland,92.3241,402003
40200303,Lake Eyre - Lake Torrens,514486.1433,402003
40200304,Leigh Creek - Copley,13.3507,402003
40200305,Roxby Downs,288.3624,402003
40200401,Flinders Ranges,25207.1946,402004
40200402,Quorn,20.9209,402004
40200501,Davenport,0.9912,402005
40200502,Port Augusta - Central,21.6567,402005
40200503,Port Augusta - Surrounds,1126.2179,402005
40200504,Port Augusta - West,4.5383,402005
40200505,Stirling North,4.5864,402005
40200601,Whyalla,24877.4725,402006
40300101,Ceduna,13.4188,403001
40300102,Koonibba,18.6741,403001
40300103,Tjutjunaku Worka Tjuta - Inner Homelands,399.9186,403001
40300104,Tjutjunaku Worka Tjuta - Outer Homelands,4731.8683,403001
40300201,Eyre Peninsula,36461.0398,403002
40300202,Maralinga Tjarutja,168946.0226,403002
40300203,South-West Coast,19709.6702,403002
40300204,Yalata,19.6269,403002
40300301,Port Lincoln,40.3378,403003
49499494,No usual address (SA),,494994
49799797,Migratory - Offshore - Shipping (SA),,497997
50100101,Broome - Central,4.2219,501001
50100102,Broome - North,235.559,501001
50100103,Broome Town Camps,2.2937,501001
50100104,Minyirr - Cable Beach,18.6109,501001
50100201,Bardi (One Arm Point),6.0338,501002
50100202,Beagle Bay,11.4045,501002
50100203,Bidyadanga,21.5363,501002
50100207,Broome - Surrounds,55085.6932,501002
50100208,Djarindjin - Lombadina,8.1947,501002
50200101,Carnarvon Town exc. Mungullah,78.0783,502001
50200102,Mungullah,0.1886,502001
50200201,Carnegie South exc. Mount Magnet,119183.0431,502002
50200202,Mount Magnet,13858.1182,502002
50200301,Greenough - Chapman Valley,5490.2494,502003
50200302,Mullewa,8110.5091,502003
50200303,Northampton,12543.7142,502003
50200401,Geraldton - Central,17.638,502004
50200402,Geraldton - Surrounds,227.2256,502004
50200403,Geraldton - North,32.8947,502004
50200404,Southern Beaches,11.8167,502004
50200501,Irwin - Morawa,25833.66,502005
50200601,Karalundi,2.1225,502006
50200602,Meekatharra exc. Karalundi,100186.4253,502006
50200701,Burringurrah,10.1394,502007
50200702,Shark Bay - Coral Bay - Upper Gascoyne,128497.7215,502007
50300101,Esperance,36.8501,503001
50300102,Esperance - Ravensthorpe - Surrounds,55623.8098,503001
50300201,Coolgardie,6.6901,503002
50300202,Coonana,78.6299,503002
50300203,Kalgoorlie - Dundas,218430.1913,503002
50300204,Kambalda,56.7088,503002
50300205,Kurrawang,3.3574,503002
50300206,Norseman,6.069,503002
50300301,Kalgoorlie,102.0363,503003
50300302,Ningia Mia,0.6737,503003
50300401,Cosmo Newberry,12.5178,503004
50300402,Irrunuytju,6.7498,503004
50300403,Jameson,4.8335,503004
50300405,Mount Margaret,3.6137,503004
50300406,Papulankutja,4.3599,503004
50300407,Wanarn,5.4722,503004
50300408,Warakurna,2.0367,503004
50300409,Laverton,179977.8395,503004
50300410,Ngaanyatjarraku,159771.0054,503004
50300501,Leonora,3.9076,503005
50300502,Menzies - Leonora - Surrounds,156023.0311,503005
50300503,Tjuntjuntjara,3.5415,503005
50300601,Warburton,21.5057,503006
50300701,Wiluna,181297.3382,503007
50400101,Argyle,19003.4177,504001
50400102,Doon Doon,4.9717,504001
50400103,Warmun,20.2624,504001
50400201,Balgo,10.0087,504002
50400202,Great Sandy Desert,104398.1644,504002
50400203,Kundat Djaru,34.9997,504002
50400204,Mindibungu,11.66,504002
50400205,Mulan,4.6403,504002
50400301,Halls Creek exc.Town Camps,42.7634,504003
50400302,Mardiwah Loop - Lundja,2.3007,504003
50400303,Yardgee - Nicholson Town Camps,0.1086,504003
50400401,Halls Creek - Surrounds,30820.4286,504004
50400501,Kalumburu,4.0475,504005
50400601,Kununurra exc. Town Camps,13.9965,504006
50400602,Mirima,0.5225,504006
50400603,Nulleywah,0.4194,504006
50400701,North-East Kimberley,10241.4941,504007
50400702,North-West Kimberley,88436.1823,504007
50400801,Wyndham,2.2361,504008
50500101,Armadale - Central,8.2137,505001
50500102,Armadale - Surrounds,529.1213,505001
50500103,Kelmscott,15.0443,505001
50500104,Seville Grove,4.5652,505001
50500105,Westfield,2.5813,505001
50500201,Bassendean,10.3449,505002
50500301,Bayswater - North,15.0607,505003
50500302,Bayswater - South,17.4168,505003
50500401,Belmont - North,10.8529,505004
50500402,Cloverdale,3.9696,505004
50500403,Kewdale,7.7782,505004
50500404,Rivervale,3.3407,505004
50500501,Canning - Central,23.798,505005
50500502,Canning - North-East,25.8316,505005
50500503,Canning Vale - East,15.4133,505005
50500601,Cockburn - Central,51.9207,505006
50500602,Cockburn - Coast,58.3776,505006
50500603,Cockburn - East,58.111,505006
50500604,Coolbellup,3.1072,505006
50500605,Hamilton Hill,8.3325,505006
50500701,Fremantle,22.4276,505007
50500801,Beckenham,5.5447,505008
50500802,Canning Vale (West) - Southern River,23.1486,505008
50500803,Gosnells,15.5131,505008
50500804,Huntingdale,4.7942,505008
50500805,Kenwick,10.1721,505008
50500806,Langford,3.2416,505008
50500807,Maddington - Martin - Orange Grove,53.2923,505008
50500808,Thornlie,11.591,505008
50500901,Joondalup - North,39.3069,505009
50500902,Joondalup - South,59.7101,505009
50501001,Forrestfield,17.8702,505010
50501002,High Wycombe,8.6968,505010
50501003,Kalamunda - Surrounds,257.2331,505010
50501101,Kwinana - Central,12.1268,505011
50501102,Kwinana - Surrounds,107.8855,505011
50501201,Melville - North,26.422,505012
50501202,Melville - South,27.0317,505012
50501301,Darlington - Mundaring - Chidlow,675.7179,505013
50501302,Swan View,7.4535,505013
50501401,Perth - Central,22.1168,505014
50501402,Perth - West,57.6011,505014
50501501,Rockingham - Central Coast,58.6604,505015
50501502,Rockingham - North,30.4999,505015
50501503,Rockingham - South-West,156.1156,505015
50501601,Serpentine - Jarrahdale,904.7635,505016
50501701,South Perth,19.6725,505017
50501702,Victoria Park,17.626,505017
50501801,Stirling - Coast,38.4461,505018
50501802,Stirling - East,24.0974,505018
50501803,Stirling - Inner North,8.5513,505018
50501804,Stirling - Inner South,40.7676,505018
50501901,Ballajura - Malaga,16.6773,505019
50501902,Beechboro,11.0342,505019
50501903,Bellevue - Koongamia,1.6846,505019
50501904,Bullsbrook - Gidgegannup,936.9935,505019
50501905,Ellenbrook,12.2282,505019
50501906,Guildford - Hazelmere - Woodbridge,41.6999,505019
50501907,Midland - Viveash,5.6477,505019
50501908,Midvale - Middle Swan,7.3003,505019
50501909,Stratton - Jane Brook,23.4945,505019
50502001,Wanneroo - North-East,561.621,505020
50502101,Yanchep - Two Rocks,124.0486,505021
50600102,Jigalong,14.424,506001
50600103,Kiwirrkurra,29.5341,506001
50600104,Kunawarritji,1.6995,506001
50600105,Marble Bar - Mirtunkarra (Goodabinya),2.7385,506001
50600106,Newman,17.0749,506001
50600107,Nullagine,0.5776,506001
50600108,Parnngurr,3.6541,506001
50600109,Punmu,12.9762,506001
50600110,Warralong,12.8718,506001
50600111,East Pilbara - Surrounds,257694.0891,506001
50600112,Kiwirrkurra - Surrounds,114506.0323,506001
50600201,Exmouth - Ashburton - Surrounds,107283.8313,506002
50600202,Onslow,14.3362,506002
50600203,Paraburdoo,3.2897,506002
50600204,Tom Price,4.0637,506002
50600301,Karratha,134.2041,506003
50600401,Mugarinya (Yandeyarra),15.3586,506004
50600402,Port Hedland - Surrounds,18284.523,506004
50600403,Port Hedland exc. Tjalka Brooda,94.1335,506004
50600404,South Hedland,22.2565,506004
50600405,Tjalka Boorda,0.0423,506004
50600501,Cheeditha - Mingullatharndo,221.4777,506005
50600502,Dampier,14875.7793,506005
50600503,Injudunna,0.1501,506005
50600504,Roebourne,4.7959,506005
50600505,Wickham,2.6501,506005
50700101,Albany - Central,27.9357,507001
50700102,Albany - Surrounds,4280.5223,507001
50700201,Avon - Surrounds,31264.6669,507002
50700202,Beverley,6.8146,507002
50700203,Kellerberrin,1918.043,507002
50700204,Quairading,2.4964,507002
50700205,York,17.4141,507002
50700301,Bunbury - North Coast,14.7832,507003
50700302,Bunbury - North-East,21.0373,507003
50700303,Bunbury - South,21.1977,507003
50700304,Carey Park,4.0726,507003
50700305,Withers,4.3657,507003
50700401,Busselton,1423.304,507004
50700501,Merredin,9827.5053,507005
50700502,Mukinbudin,50176.9809,507005
50700601,Harvey and Surrounds,1727.9415,507006
50700701,Brookton,6186.2887,507007
50700702,Kulin,28626.1667,507007
50700703,Pingelly,1294.5721,507007
50700801,Gnowangerup,15012.8153,507008
50700802,Kojonup,8554.5095,507008
50700901,Mandurah,224.0036,507009
50701001,Denmark - Plantagenet,7365.3465,507010
50701002,Manjimup,7029.6076,507010
50701101,Gingin - Dandaragan - Chittering,13690.847,507011
50701102,Moora,3763.0254,507011
50701201,Murray - Boddington,2746.4237,507012
50701202,Pinjarra,808.8593,507012
50701203,Waroona,832.2285,507012
50701301,Katanning,2647.0202,507013
50701302,Narrogin - Wagin,9909.3547,507013
50701401,Northam,26.7836,507014
50701501,Augusta - Margaret River,1419.0938,507015
50701502,Bridgetown - Scott River East,7921.0368,507015
50701503,Capel - Dardanup,1114.0722,507015
50701504,Collie,1709.815,507015
50701505,Donnybrook - Balingup,1559.856,507015
50800101,Derby,20.423,508001
50800102,Karmarlinunga - Djimu Nguda - Budulah,0.4655,508001
50800103,Mowanjum,1.4652,508001
50800301,Bayulu,7.3561,508003
50800302,Djugerari,2.5603,508003
50800303,Fitzroy River - Surrounds,32260.7419,508003
50800304,Joy Springs,0.166,508003
50800305,Kooraby,1.0079,508003
50800306,Muludja,4.9996,508003
50800307,Wangkatjungka,3.1146,508003
50800308,Yakanarra,7.9067,508003
50800501,Burawa - Darlngunaya - Bungardi,7.1716,508005
50800502,Fitzroy Crossing,8.6282,508005
50800503,Fitzroy Crossing - Surrounds,9008.7293,508005
50800504,Junjuwa,0.3332,508005
50800505,Mindi Rardi - Kurnangki - Loanbun,3.9815,508005
50800506,Yungngora,3.7561,508005
50800601,Jarlmadangah Burru,1.2554,508006
50800602,Kupungarri,15.6264,508006
50800603,Looma,40.4419,508006
50800604,Outer Derby - West Kimberley,69397.5664,508006
50800605,Pandanus Park,1.2188,508006
59499494,No usual address (WA),,594994
59799797,Migratory - Offshore - Shipping (WA),,597997
60100101,Devonport,127.8607,601001
60100102,Ulverstone - Penguin,141.4155,601001
60100103,Ulverstone - Penguin - Surrounds,796.9269,601001
60100201,Campbell Town,4763.6291,601002
60100202,Central Highlands (Tas.),7060.4867,601002
60100203,Derwent Valley,8853.1637,601002
60100204,Longford - Evandale,449.3127,601002
60100205,Southern Midlands,2600.2609,601002
60100301,Brighton,169.6714,601003
60100302,Clarence,374.8212,601003
60100303,Glenorchy,81.1187,601003
60100304,Hobart,148.3385,601003
60100401,Cygnet,2.3141,601004
60100402,Geeveston,3.0818,601004
60100403,Huonville - South Cape,1743.8215,601004
60100501,Kingborough,685.8432,601005
60100601,Launceston,1425.3069,601006
60100701,Blackstone - Prospect Vale,23.0335,601007
60100702,Kentish,1156.4977,601007
60100703,Meander Valley,3369.6474,601007
60100801,Break O'Day,3299.1468,601008
60100802,Dorset,3205.7138,601008
60100803,Flinders,1996.6244,601008
60100804,George Town,747.1679,601008
60100901,Glamorgan - Spring Day,2542.2432,601009
60100902,Sorell,591.854,601009
60100903,Tasman,660.3947,601009
60101001,Burnie,612.2994,601010
60101002,Circular Head - King Island,5952.947,601010
60101003,Waratah,3489.4721,601010
60101004,Wynyard,85.5336,601010
60101005,Zeehan - Franklin,9583.5388,601010
60101101,Latrobe - Hawley Beach,578.298,601011
60101102,West Tamar,695.7535,601011
69499494,No usual address (Tas.),,694994
69799797,Migratory - Offshore - Shipping (Tas.),,697997
70300101,Alawa,1.2399,703001
70300102,Brinkin - Nakara,2.6861,703001
70300201,Anula,1.3178,703002
70300202,Wulagi,1.2629,703002
70300301,Bagot Community,0.2496,703003
70300302,Coconut Grove - Ludmilla,2.1119,703003
70300303,Kulaluk,0.0476,703003
70300304,Minmarama Park,2.9605,703003
70300401,Adelaide River - Coomalie,1496.2848,703004
70300402,Batchelor,10.2782,703004
70300403,Belyuen,41.4054,703004
70300404,Cox - Finniss,6274.7088,703004
70300501,Darwin - Central,3.1731,703005
70300502,Fannie Bay - Parap,5.596,703005
70300503,Larrakeyah - The Gardens,3.7449,703005
70300504,Stuart Park - Bayview - Woolner,4.0369,703005
70300601,Karama,2.0655,703006
70300701,Acacia-Larrakia,257.252,703007
70300702,Bees Creek - Virginia,54.7364,703007
70300703,Darwin River - Berry Springs - Southport,679.4598,703007
70300704,Howard Springs - Gunn Point,1329.6466,703007
70300705,Humpty Doo - Elizabeth Valley,617.2892,703007
70300706,Knuckey Lagoon,18.2183,703007
70300801,Malak,1.7493,703008
70300901,Marrara - Winnellie - Berrimah,80.7128,703009
70301001,Jingili,1.3163,703010
70301002,Millner,1.4677,703010
70301101,Moil,1.0424,703011
70301102,Wagaman,0.8378,703011
70301103,Wanguri,0.8855,703011
70301201,Nightcliff,1.4512,703012
70301202,Rapid Creek,1.9176,703012
70301301,Bakewell - Rosebery - Mitchell,30.925,703013
70301302,Driver,1.7157,703013
70301303,Farrar - Durack - Marlow Lagoon,15.0371,703013
70301304,Gray,1.5029,703013
70301305,Moulden,1.7504,703013
70301306,Palmerston Indigenous Village,0.1271,703013
70301307,Woodroffe,1.5977,703013
70301401,Lyons - Lee Point - Leanyer,33.4532,703014
70301402,Tiwi,3.1187,703014
70400101,Douglas-Daly,34368.2996,704001
70400102,Emu Point,1.3753,704001
70400103,Nauiyu Nambiyu,4.2949,704001
70400104,Nganmarriyanga (Palumpa),46.3918,704001
70400105,Peppimenarti,5.6576,704001
70400106,Pine Creek,402.0523,704001
70400201,Jabiru,13.5083,704002
70400202,Kakadu - Marrakai - Surrounds,25261.6924,704002
70400203,Mudginberri,2.7874,704002
70400301,Maningrida,11.0551,704003
70400302,Maningrida Outstations,9758.0375,704003
70400401,Cobourg Peninsula - Demed Homelands,23675.7318,704004
70400402,Gunbalanya,35.8199,704004
70400403,Mamadawerre,0.5645,704004
70400404,Manmoyi,0.7425,704004
70400405,Minjilang,11.4327,704004
70400406,Warruwi,15.8586,704004
70400501,Thamarrurr exc. Wadeye,3352.8699,704005
70400502,Wadeye,20.8379,704005
70400601,Milikapiti,11.4786,704006
70400602,Pirlangimpi,11.8509,704006
70400603,Tiwi Islands - Wilderness,7449.7682,704006
70400604,Wurrumiyanga (Nguiu),10.0684,704006
70500101,Borroloola exc. Mara - Yanyula,11.7373,705001
70500102,Mara,0.5363,705001
70500103,Yanyula,0.2898,705001
70500201,Daguragu,44.1812,705002
70500202,Kalkarindji,6.2259,705002
70500301,Barunga,7.4509,705003
70500303,Elsey Roper - Surrounds,92882.2781,705003
70500304,Jilkminggan,6.0984,705003
70500305,Manyallaluk,1.6155,705003
70500306,Mataranka - Mulggan,35.6541,705003
70500307,Wugular (Beswick),2.744,705003
70500308,Bulman,3.7501,705003
70500309,Weemol,10.1435,705003
70500401,Mabunji - Mungoorbada Outstations,55041.1368,705004
70500402,Minyerri,2.9072,705004
70500403,Rittarangu,7.5551,705004
70500404,Robinson River (Mungoorbada),1.1406,705004
70500405,Yugul Mangi Outstations,32782.3489,705004
70500501,Binjari,2.8065,705005
70500502,Katherine exc. Town Camps,7411.5099,705005
70500503,Miali Brumby - Warlpiri,2.4717,705005
70500504,Rockhole,0.1616,705005
70500601,Lajamanu,6.7088,705006
70500701,Ngukurr,12.0357,705007
70500801,Amanbidji (Mialuni),3.3074,705008
70500802,Bulla,6.3311,705008
70500803,Daguragu Outstations,41402.8914,705008
70500804,Timber Creek,159.6701,705008
70500805,Timber Creek - Surrounds,64510.5948,705008
70500901,Pigeon Hole,37.3093,705009
70500902,Walangeri Outstations,27280.9229,705009
70500903,Yarralin,150.6986,705009
70600101,Alyangula,2.1487,706001
70600102,Angurugu,1.5128,706001
70600103,Angurugu Outstations,879.1342,706001
70600104,Milyakburra and Outstations,237.4672,706001
70600105,Umbakumba and Outstations,1488.7767,706001
70600201,Gapuwiyak,11.9273,706002
70600202,Gapuwiyak Outstations,6341.3536,706002
70600301,Dhalinybuy,2.7288,706003
70600302,Gan Gan,2.1618,706003
70600303,Gumatj - Surrounds,2644.1939,706003
70600304,Laynhapuy,5255.6095,706003
70600305,Yilpara,1.433,706003
70600401,Galiwinku,4.8496,706004
70600402,Marthakal Homelands exc. Galiwinku,5177.5161,706004
70600501,Gunyangara,2.8863,706005
70600502,Nhulunbuy,82.6171,706005
70600601,Numbulwar and Outstations,4418.5473,706006
70600701,Milingimbi,4.4443,706007
70600704,Ramingining,28.2201,706007
70600705,Ramingining - Milingimbi Outstations,11429.1805,706007
70600801,Yirrkala,8.4278,706008
70700101,Ali Curung,443.1496,707001
70700201,Alpurrurulam,9.9926,707002
70700301,Barkly Tablelands - Outstations,79907.8275,707003
70700302,Elliott Surrounds - Outstations,115005.6995,707003
70700303,Imangara,6.1761,707003
70700304,Julalikari - Outstations,107784.4629,707003
70700305,Tara,6.6182,707003
70700401,Elliott,2.996,707004
70700501,Kargaru,0.9128,707005
70700502,Marla Marla - Village Camp,0.4633,707005
70700503,Ngalpa Ngalpa - Wuppa,0.4306,707005
70700504,Tennant Creek exc. Town Camps,40.2538,707005
70700601,Canteen Creek,1.1999,707006
70700602,Wutunugurra,0.9976,707006
70800101,Charles,16.1681,708001
70800102,Flynn,16.0969,708001
70800103,Heavitree,183.6926,708001
70800104,Ilparpa community,3.2912,708001
70800105,Larapinta,58.5557,708001
70800106,Mount Johns,18.9365,708001
70800107,Ross,23.5713,708001
70800108,Yirara College and Surrounds,0.4015,708001
70800201,Anthelk Ewlpaye,0.1358,708002
70800202,Anthepe - New Llparpa - Tyeweretye,3.0687,708002
70800203,Ewyenper - Ilpeye - Irklancha,2.1956,708002
70800204,Ilperle-Tyathe - Mt Nancy - Aper-Alwerr,0.2052,708002
70800205,Inarlenge - Mpwetyerre,0.2445,708002
70800206,Nyewente - Akngwertnarre - Namatjira,0.1839,708002
70800207,Yarrenyty-Arltere,0.9657,708002
70900101,Amoonguna,5.5884,709001
70900102,Santa Teresa (Ltyentye Purte),1247.1447,709001
70900103,South MacDonnell Ranges,31517.5382,709001
70900104,Titjikala,3.8542,709001
70900201,Ampilatwatja and Outstations,15124.1872,709002
70900301,Anmatjere - Surrounds,49609.3293,709003
70900302,Anmatjere - Ti Tree,64.7328,709003
70900303,Laramba,5.0806,709003
70900304,Nturiya,0.1869,709003
70900305,Pmara Jutunta,1.7664,709003
70900306,Wilora,2.667,709003
70900401,Apatula (Finke),28.7808,709004
70900402,Apatula (Finke) Homelands - East,50096.6088,709004
70900403,Apatula (Finke) Homelands - West,37488.9696,709004
70900501,Atitjere,7.0143,709005
70900502,Atitjere - Akarnenehe Outstations,67455.8399,709005
70900503,Engawala,3.8271,709005
70900601,Haasts Bluff and Outstations,2854.43,709006
70900602,Mount Liebig and Outstations,699.4702,709006
70900701,Hermannsburg,13.3095,709007
70900801,Kaltukatjara (Docker River),36.8818,709008
70900802,Kaltukatjara Outstations,87474.9608,709008
70900901,Imanpa (Mount Ebenezer ),16.2779,709009
70900902,Mutitjulu - Uluru,105.6338,709009
70901001,Nyirripi,8.2144,709010
70901002,Tanami Outstations,142011.3404,709010
70901101,Papunya,4.739,709011
70901102,Papunya Outstations,2326.1983,709011
70901201,Atneltyey,0.6066,709012
70901202,Illeuwurru - Inkawenyerre,1750.001,709012
70901203,Irrultja,0.2253,709012
70901204,Utopia - Arawerr - Arlparra,2624.214,709012
70901301,Walungurru (Kintore),8.2003,709013
70901302,Walungurru Outstations,28754.6795,709013
70901401,Areyonga,6.9813,709014
70901402,Ingkerreke Outstations,9777.1413,709014
70901403,Tjuwanpa Outstations,15970.5215,709014
70901404,Wallace Rockhole,4.2355,709014
70901501,Willowra,13.7451,709015
70901601,Yuelamu,26.6195,709016
70901701,Yuendumu and Outstations,22120.9495,709017
79499494,No usual address (NT),,794994
79799797,Migratory - Offshore - Shipping (NT),,797997
80100101,Belconnen,137.0655,801001
80100102,Braddon - Kowen,209.8437,801001
80100103,Gungahlin,90.7453,801001
80100201,Narrabundah - Weston,128.4465,801002
80100202,Tuggeranong,150.4185,801002
80100301,Stromlo - Namadgi,1641.6135,801003
89499494,No usual address (ACT),,894994
89799797,Migratory - Offshore - Shipping (ACT),,897997
90100101,Christmas Island,136.1356,901001
90100201,Cocos (Keeling) Islands,13.7258,901002
90200101,Jervis Bay exc. Wreck Bay,62.8928,902001
90200102,Wreck Bay,4.3368,902001
90300101,Norfolk Island,38.651,903001
99499494,No usual address (OT),,994994
99799797,Migratory - Offshore - Shipping (OT),,997997
ZZZZZZZZ,Outside Australia,,ZZZZZZ
