SA2_CODE_2021,SUA_CODE_2021
101021007,1000
101021008,8001
101021009,8001
101021010,8001
101021012,8001
101021610,1000
101021611,1000
101031013,1000
101031014,1000
101031015,1000
101031016,1000
101041017,1004
101041018,1004
101041019,1000
101041020,1000
101041021,1000
101041022,1000
101041023,1000
101041024,1000
101041025,1000
101041026,1000
101041027,1000
101051539,1014
101051540,1000
101061541,1000
101061542,1000
101061543,1000
101061544,1000
102011028,1010
102011029,1010
102011030,1010
102011031,1010
102011032,1010
102011033,1010
102011034,1010
102011035,1010
102011036,1010
102011037,1010
102011038,1010
102011039,1010
102011040,1010
102011041,1010
102011042,1010
102011043,1010
102021044,1010
102021045,1010
102021046,1010
102021047,1010
102021048,1010
102021049,1000
102021050,1010
102021051,1010
102021052,1010
102021053,1010
102021054,1010
102021055,1010
102021056,1010
102021057,1010
103011059,1005
103011060,1000
103011061,1000
103011612,1005
103011613,1005
103021062,1000
103021063,1000
103021064,1000
103021065,1000
103021066,1000
103021067,1000
103021068,1000
103021069,1000
103031070,1019
103031071,1000
103031072,1022
103031073,1000
103031074,1000
103031075,1000
103041076,1000
103041077,1027
103041078,1027
103041079,1000
104011080,1015
104011081,1000
104011082,1000
104021083,1000
104021084,1011
104021085,1011
104021086,1000
104021087,1000
104021088,1011
104021089,1011
104021090,1000
104021091,1011
105011092,1000
105011093,1000
105011094,1000
105011095,1000
105011096,1000
105021097,1007
105021098,1000
105031099,1000
105031100,1012
105031101,1012
105031102,1012
105031103,1000
105031104,1000
105031105,1000
105031106,1000
106011107,1000
106011108,1025
106011109,1000
106011110,1000
106011111,1025
106011112,1029
106011113,1000
106021114,1025
106021116,1025
106021614,1025
106021615,1025
106021616,1025
106021617,1025
106021618,1025
106031119,1024
106031120,1000
106031121,1024
106031122,1025
106031123,1000
106031124,1000
106031125,1020
106041126,1023
106041127,1000
106041128,1000
106041129,1000
107011131,1036
107011132,1036
107011133,1036
107011134,1036
107011545,1036
107011546,1036
107011547,1036
107021135,1000
107031136,1036
107031137,1036
107031138,1036
107031139,1036
107031140,1000
107031141,1036
107031142,1036
107031143,1036
107041144,1036
107041145,1036
107041146,1036
107041147,1036
107041148,1036
107041150,1036
107041548,1036
107041549,1036
108011151,1000
108011152,1013
108011153,1000
108011154,1013
108021155,1017
108021156,1000
108021157,1000
108021158,1000
108021159,1000
108021160,1000
108031161,1000
108041162,1009
108041164,1028
108041165,1000
108041166,1000
108041619,1028
108041620,1028
108051167,1000
108051168,1000
108051169,1033
108051170,1000
108051171,1033
109011172,1001
109011173,1001
109011174,1001
109011175,1000
109011176,1001
109021177,1000
109021178,2012
109021179,1000
109031180,1000
109031181,1000
109031182,1000
109031183,1000
109031184,2007
109031185,1000
110011186,1002
110011187,1000
110011188,1000
110011189,1000
110021190,1000
110021191,1000
110021192,1000
110021193,1000
110021194,1000
110031195,1000
110031196,1000
110031197,1000
110031198,1000
110041199,1000
110041200,1000
110041201,1000
110041202,1032
110041203,1032
110041204,1032
110041205,1000
111011206,1025
111011207,1025
111011208,1025
111011209,1025
111011210,1025
111011211,1025
111011212,1025
111011213,1025
111011214,1025
111021215,1025
111021216,1021
111021217,1025
111021218,1021
111021219,1025
111021220,1025
111021221,1025
111031222,1025
111031223,1025
111031224,1025
111031225,1025
111031226,1025
111031227,1025
111031228,1025
111031229,1025
111031230,1025
111031231,1025
111031232,1025
111031233,1025
111031234,1025
111031235,1025
112011236,1003
112011237,1003
112011238,1000
112011239,1000
112011240,1008
112011241,1000
112011242,1003
112011243,1000
112021244,1000
112021245,1000
112021246,1018
112021247,1000
112021248,1018
112021249,1000
112031250,3007
112031251,1000
112031252,1000
112031253,3007
112031254,3007
112031550,3007
112031551,3007
112031552,3007
113011256,1016
113011257,1000
113011258,1000
113011259,1000
113021260,1000
113021261,1000
113021262,1000
113031263,1000
113031264,1000
113031265,1000
113031266,1000
113031267,1035
113031268,1035
113031269,1035
113031270,1035
113031271,1000
114011272,1000
114011273,1000
114011274,1000
114011275,1000
114011276,1030
114011277,1026
114011278,1026
114011279,1030
114011280,1000
114011281,1000
114011282,1034
114011283,1000
114021284,1006
114021285,1006
114021286,1006
114021287,1006
114021288,1000
114021289,1000
115011290,1031
115011291,1031
115011294,1031
115011296,1031
115011553,1031
115011554,1031
115011555,1031
115011556,1031
115011557,1031
115011558,1031
115011621,1031
115011622,1031
115021297,1031
115021298,1031
115031299,1000
115031300,1031
115041301,1031
115041623,1031
115041624,1031
115041625,1031
116011303,1031
116011304,1031
116011306,1031
116011307,1031
116011560,1031
116011561,1031
116011626,1031
116011627,1031
116021309,1031
116021562,1031
116021563,1031
116021628,1031
116021629,1031
116021630,1031
116021631,1031
116021632,1031
116021633,1031
116031313,1031
116031314,1031
116031315,1031
116031316,1031
116031317,1031
116031318,1031
116031319,1031
117011320,1031
117011321,1031
117011323,1031
117011324,1031
117011325,1031
117011634,1031
117011635,1031
117021327,1031
117021328,1031
117021636,1031
117021637,1031
117031329,1031
117031330,1031
117031331,1031
117031333,1031
117031336,1031
117031638,1031
117031639,1031
117031640,1031
117031641,1031
117031642,1031
117031643,1031
117031644,1031
117031645,1031
117031646,1031
117031647,1031
117031648,1031
118011339,1031
118011340,1031
118011341,1031
118011342,1031
118011344,1031
118011345,1031
118011346,1031
118011347,1031
118011649,1031
118011650,1031
118021564,1031
118021565,1031
118021566,1031
118021567,1031
118021568,1031
118021569,1031
118021570,1031
118021651,1031
118021652,1031
118021653,1031
118021654,1031
119011354,1031
119011355,1031
119011356,1031
119011358,1031
119011360,1031
119011361,1031
119011571,1031
119011572,1031
119011655,1031
119011656,1031
119011657,1031
119011658,1031
119021362,1031
119021366,1031
119021367,1031
119021573,1031
119021574,1031
119021659,1031
119021660,1031
119021661,1031
119021662,1031
119021663,1031
119031370,1031
119031371,1031
119031372,1031
119031373,1031
119031374,1031
119031664,1031
119031665,1031
119031666,1031
119031667,1031
119041377,1031
119041378,1031
119041379,1031
119041380,1031
119041381,1031
119041382,1031
119041668,1031
119041669,1031
119041670,1031
119041671,1031
120011383,1031
120011385,1031
120011386,1031
120011672,1031
120011673,1031
120021387,1031
120021389,1031
120021674,1031
120021675,1031
120031392,1031
120031393,1031
120031394,1031
120031395,1031
120031396,1031
120031576,1031
120031676,1031
120031677,1031
120031678,1031
120031679,1031
120031680,1031
120031681,1031
121011399,1031
121011401,1031
121011682,1031
121011683,1031
121011684,1031
121011685,1031
121011686,1031
121011687,1031
121021403,1031
121021404,1031
121021406,1031
121021577,1031
121021578,1031
121021579,1031
121031407,1031
121031408,1031
121031409,1031
121031410,1031
121031411,1031
121031412,1031
121041413,1031
121041414,1031
121041416,1031
121041417,1031
121041688,1031
121041689,1031
122011418,1031
122011419,1031
122021420,1031
122021421,1031
122021422,1031
122021690,1031
122021691,1031
122031424,1031
122031425,1031
122031427,1031
122031429,1031
122031430,1031
122031432,1031
122031692,1031
122031693,1031
122031694,1031
122031695,1031
122031696,1031
122031697,1031
123011433,1031
123011698,1031
123011699,1031
123011700,1031
123011701,1031
123011702,1031
123021436,1031
123021437,1031
123021438,1031
123021439,1000
123021441,1031
123021443,1031
123021444,1031
123021703,1031
123021704,1031
123021705,1031
123021706,1031
123031445,1000
123031446,1000
123031447,1000
123031448,1000
124011449,1000
124011450,1031
124011451,1000
124011452,1031
124011453,1031
124011454,1031
124011455,1031
124021456,1000
124031457,1031
124031459,1031
124031460,1031
124031461,1031
124031462,1031
124031463,1031
124031464,1031
124031465,1031
124031707,1031
124031708,1031
124041466,1031
124041467,1031
124041468,1031
124051469,1031
124051470,1031
124051580,1031
124051581,1031
125011475,1031
125011582,1031
125011583,1031
125011584,1031
125011585,1031
125011586,1031
125011587,1031
125011709,1031
125011710,1031
125021477,1031
125021478,1031
125021711,1031
125021712,1031
125031479,1031
125031480,1031
125031481,1031
125031483,1031
125031484,1031
125031486,1031
125031487,1031
125031713,1031
125031714,1031
125031715,1031
125031716,1031
125041489,1031
125041490,1031
125041491,1031
125041493,1031
125041494,1031
125041588,1031
125041589,1031
125041717,1031
125041718,1031
125041719,1031
126011496,1031
126011720,1031
126011721,1031
126021498,1031
126021499,1031
126021500,1031
126021501,1031
126021503,1031
126021590,1031
126021722,1031
126021723,1031
126021724,1031
126021725,1031
127011504,1031
127011505,1031
127011592,1031
127011593,1031
127011594,1031
127011595,1031
127011596,1031
127011597,1031
127011726,1031
127011727,1031
127011728,1031
127011729,1031
127021509,1031
127021510,1031
127021511,1031
127021512,1031
127021513,1031
127021514,1031
127021515,1031
127021516,1031
127021517,1031
127021518,1031
127021519,1031
127021520,1031
127021521,1031
127031522,1031
127031523,1031
127031524,1031
127031599,1031
127031601,1031
127031730,1031
127031731,1031
127031732,1031
127031733,1031
128011529,1031
128011530,1031
128011531,1031
128011602,1031
128011603,1031
128011604,1031
128011605,1031
128011606,1031
128021533,1031
128021534,1031
128021535,1031
128021536,1031
128021537,1000
128021538,1031
128021607,1031
128021608,1031
128021609,1031
197979799,1000
199999499,1000
201011001,2003
201011002,2003
201011005,2003
201011006,2003
201011007,2000
201011008,2003
201011481,2003
201011482,2003
201011483,2003
201011484,2003
201021009,2000
201021010,2000
201021011,2000
201021012,2000
201031013,2000
201031014,2000
201031015,2000
201031016,2000
201031017,2000
202011018,2004
202011019,2004
202011020,2004
202011021,2004
202011022,2004
202011023,2004
202011024,2004
202011025,2004
202021026,2000
202021027,2005
202021028,2000
202021029,2000
202021030,2000
202021031,2000
202031032,2000
202031033,2000
203011034,2000
203011035,2000
203011036,2000
203021037,2008
203021039,2008
203021040,2008
203021042,2008
203021043,2008
203021044,2008
203021045,2008
203021046,2008
203021047,2008
203021485,2008
203021486,2008
203021487,2008
203021488,2008
203031048,2008
203031049,2000
203031051,2000
203031052,2008
203031053,2008
203031489,2008
203031490,2008
204011054,2000
204011055,2000
204011056,2000
204011057,2000
204011058,2000
204011059,2000
204011060,2000
204011061,2000
204011062,2000
204021063,2000
204021064,2000
204021065,2000
204021066,2019
204021067,2000
204031068,2000
204031069,2000
204031070,2000
204031071,2000
204031072,2000
204031073,1001
204031075,2000
204031491,1001
204031492,1001
205011076,2020
205011077,2000
205011078,2000
205011079,2020
205021080,2000
205021081,2002
205021082,2000
205021083,2000
205021084,2000
205021085,2000
205021086,2000
205031087,2000
205031088,2000
205031089,2000
205031090,2000
205031091,2000
205031092,2000
205031093,2000
205041094,2000
205041095,2013
205041096,2018
205041098,2013
205041493,2018
205041494,2018
205051099,2000
205051100,2000
205051101,2000
205051102,2000
205051103,2015
205051104,2000
206011106,2011
206011107,2011
206011109,2011
206011495,2011
206011496,2011
206011497,2011
206011498,2011
206021110,2011
206021112,2011
206021499,2011
206021500,2011
206031113,2011
206031115,2011
206031116,2011
206031501,2011
206031502,2011
206041117,2011
206041118,2011
206041119,2011
206041120,2011
206041121,2011
206041124,2011
206041125,2011
206041127,2011
206041503,2011
206041504,2011
206041505,2011
206041506,2011
206041507,2011
206041508,2011
206041509,2011
206041510,2011
206051128,2011
206051129,2011
206051130,2011
206051134,2011
206051511,2011
206051512,2011
206051513,2011
206051514,2011
206061135,2011
206061136,2011
206061138,2011
206061515,2011
206061516,2011
206071139,2011
206071140,2011
206071141,2011
206071142,2011
206071143,2011
206071145,2011
206071517,2011
206071518,2011
207011146,2011
207011147,2011
207011148,2011
207011149,2011
207011150,2011
207011152,2011
207011154,2011
207011155,2011
207011519,2011
207011520,2011
207011521,2011
207011522,2011
207021156,2011
207021157,2011
207021159,2011
207021160,2011
207021424,2011
207021425,2011
207031161,2011
207031162,2011
207031163,2011
207031164,2011
207031165,2011
207031166,2011
207031167,2011
208011168,2011
208011169,2011
208011170,2011
208011171,2011
208011172,2011
208011173,2011
208021174,2011
208021176,2011
208021177,2011
208021178,2011
208021179,2011
208021180,2011
208021181,2011
208021182,2011
208021426,2011
208021427,2011
208031183,2011
208031184,2011
208031185,2011
208031186,2011
208031187,2011
208031188,2011
208031189,2011
208031190,2011
208031191,2011
208031192,2011
208031193,2011
208041194,2011
208041195,2011
209011196,2011
209011197,2011
209011198,2011
209011199,2011
209011200,2011
209011201,2011
209011202,2011
209011203,2011
209011204,2011
209021205,2011
209021428,2011
209021429,2011
209021523,2011
209021524,2011
209021525,2011
209021526,2011
209031209,2011
209031210,2011
209031211,2000
209031212,2000
209031213,2011
209031214,2011
209031215,2011
209041216,2011
209041217,2011
209041220,2011
209041221,2011
209041223,2011
209041224,2011
209041225,2011
209041431,2011
209041432,2011
209041433,2011
209041435,2011
209041436,2011
209041437,2011
209041527,2011
209041528,2011
209041529,2011
209041530,2011
209041531,2011
209041532,2011
210011226,2011
210011227,2011
210011228,2011
210011230,2011
210011231,2011
210011533,2011
210011534,2011
210021232,2009
210021233,2009
210021234,2009
210021235,2000
210031236,2011
210031237,2011
210031439,2011
210031440,2011
210031535,2011
210031536,2011
210031537,2011
210031538,2011
210041240,2011
210041539,2011
210041540,2011
210041541,2011
210051242,2011
210051243,2011
210051245,2011
210051246,2011
210051247,2011
210051248,2011
210051250,2011
210051441,2011
210051442,2011
210051443,2011
210051445,2011
210051542,2011
210051543,2011
210051544,2011
210051545,2011
211011251,2011
211011254,2011
211011255,2011
211011256,2011
211011257,2011
211011258,2011
211011259,2011
211011260,2011
211011446,2011
211011447,2011
211011448,2011
211011449,2011
211021261,2011
211021262,2011
211031263,2011
211031265,2011
211031266,2011
211031267,2011
211031268,2011
211031450,2011
211031451,2011
211031452,2011
211041269,2011
211041270,2011
211041271,2011
211041272,2011
211041273,2011
211051274,2011
211051275,2011
211051276,2000
211051277,2011
211051278,2011
211051279,2011
211051280,2011
211051281,2011
211051282,2011
211051283,2011
211051284,2011
211051285,2011
211051286,2011
212011289,2011
212011546,2011
212011547,2000
212011548,2011
212011549,2011
212011550,2011
212011551,2011
212011552,2011
212021293,2011
212021295,2011
212021297,2011
212021299,2011
212021453,2011
212021454,2011
212021455,2011
212021456,2011
212021553,2011
212021554,2011
212031300,2011
212031303,2011
212031304,2011
212031306,2011
212031308,2011
212031457,2011
212031458,2011
212031555,2011
212031556,2011
212031557,2011
212031558,2011
212031559,2011
212031560,2011
212031561,2011
212031562,2011
212041309,2011
212041310,2011
212041312,2011
212041313,2011
212041316,2011
212041317,2011
212041318,2011
212041459,2011
212041460,2011
212041563,2011
212041564,2011
212041565,2011
212041566,2011
212051319,2011
212051321,2011
212051322,2011
212051323,2011
212051324,2011
212051325,2011
212051326,2011
212051327,2011
212051567,2011
212051568,2011
213011328,2011
213011329,2011
213011331,2011
213011332,2011
213011333,2011
213011334,2011
213011335,2011
213011336,2011
213011337,2011
213011338,2011
213011339,2011
213011340,2011
213011569,2011
213011570,2011
213021341,2011
213021342,2011
213021343,2011
213021344,2011
213021345,2011
213021346,2011
213031347,2011
213031348,2011
213031349,2011
213031350,2011
213031351,2011
213031352,2011
213041353,2001
213041358,2011
213041359,2011
213041360,2011
213041461,2011
213041462,2011
213041463,2011
213041571,2011
213041572,2011
213041573,2000
213041574,2011
213041575,2011
213041576,2011
213041577,2011
213041578,2011
213051361,2011
213051362,2011
213051363,2011
213051368,2011
213051464,2011
213051466,2011
213051467,2011
213051468,2011
213051579,2011
213051580,2011
213051581,2011
213051582,2011
213051583,2011
213051584,2011
213051585,2011
213051586,2011
213051587,2011
213051588,2011
213051589,2011
213051590,2011
214011370,2011
214011371,2011
214011372,2011
214011373,2011
214011374,2011
214011375,2011
214011376,2011
214021377,2011
214021378,2000
214021379,2011
214021381,2011
214021382,2011
214021383,2011
214021384,2011
214021385,2011
214021591,2011
214021592,2011
215011386,2000
215011387,2000
215011388,2010
215011389,2000
215011390,2000
215011391,2000
215011392,2000
215011393,2000
215011394,2000
215021395,2012
215021396,2012
215021398,2000
215021399,2000
215021469,2012
215021470,2012
215031400,2000
215031401,2000
215031402,2000
215031403,2000
215031404,2017
215031405,2000
216011406,2007
216011407,2000
216011408,2000
216011409,2000
216011410,2000
216021411,2000
216021412,2000
216021413,2000
216021414,2000
216031415,2016
216031416,2016
216031418,2000
216031419,2000
216031593,2016
216031594,2016
217011420,2000
217011421,2000
217011422,2014
217011423,2000
217031471,2000
217031472,2006
217031473,2000
217031474,2000
217031475,2000
217031476,2000
217041477,2000
217041478,2000
217041479,2021
217041480,2021
297979799,2000
299999499,2000
301011001,3002
301011002,3002
301011003,3002
301011004,3002
301011005,3002
301011006,3002
301021007,3002
301021008,3002
301021009,3002
301021011,3002
301021012,3002
301021013,3002
301021550,3000
301021551,3000
301031014,3002
301031015,3002
301031016,3002
301031017,3002
301031018,3002
301031019,3002
301031020,3002
301031021,3002
302011022,3002
302011023,3002
302011024,3002
302011025,3002
302011026,3002
302021027,3002
302021028,3002
302021029,3002
302021030,3002
302021031,3002
302021032,3002
302021033,3002
302021034,3002
302031035,3002
302031036,3002
302031037,3002
302031038,3002
302031039,3002
302031040,3002
302041041,3002
302041042,3002
302041043,3002
302041044,3002
302041045,3002
302041046,3002
303011047,3002
303011048,3002
303011049,3002
303011050,3002
303011051,3002
303021052,3002
303021053,3002
303021054,3002
303021055,3002
303021056,3002
303021057,3002
303021058,3002
303021059,3002
303031060,3002
303031061,3002
303031062,3002
303031063,3002
303031064,3002
303031065,3002
303031066,3002
303041067,3002
303041068,3002
303041069,3002
303041070,3002
303041071,3002
303051072,3002
303051073,3002
303051074,3002
303051075,3002
303051076,3002
303061077,3002
303061078,3002
303061079,3002
303061080,3002
304011081,3002
304011082,3002
304011083,3002
304011084,3002
304011085,3002
304021086,3002
304021087,3002
304021088,3002
304021089,3002
304021090,3002
304021091,3002
304031092,3002
304031093,3002
304031094,3002
304031095,3002
304031096,3002
304031097,3002
304041098,3002
304041099,3000
304041100,3002
304041101,3002
304041102,3002
304041103,3002
304041104,3002
305011105,3002
305011106,3002
305011107,3002
305011108,3002
305011109,3002
305011110,3002
305011111,3002
305011112,3002
305021113,3002
305021114,3002
305021115,3002
305021116,3002
305021117,3002
305021118,3002
305031119,3002
305031120,3002
305031121,3002
305031122,3002
305031123,3002
305031124,3002
305031125,3002
305031126,3002
305031127,3002
305031128,3002
305031129,3002
305031130,3002
305031131,3002
305041132,3002
305041133,3002
305041134,3002
305041135,3002
305041136,3002
305041137,3002
306011138,3004
306011139,3004
306011140,3004
306011141,3004
306011142,3004
306011143,3004
306021144,3004
306021145,3004
306021146,3004
306021147,3004
306021148,3000
306021149,3004
306021150,3000
306021151,3004
306021152,3004
306021153,3004
306021154,3004
306021155,3004
306021156,3004
306021157,3004
306031158,3000
306031159,3000
306031160,3000
306031161,3000
306031162,3000
306031163,3000
306041164,3000
306041165,3000
306051166,3000
306051167,3000
306051168,3000
306051169,3000
306051170,3000
307011171,3000
307011172,3000
307011173,3000
307011174,3000
307011175,3000
307011176,3000
307011177,3000
307011178,3000
307021179,3000
307021180,3000
307021181,3000
307021182,3000
307021183,3000
307031184,3000
307031185,3000
307031186,3000
307031187,3000
307031188,3000
307031189,3018
308011190,3000
308011191,3000
308011192,3005
308031205,3014
308031206,3000
308031207,3000
308031208,3014
308031209,3014
308031210,3014
308031211,3014
308031212,3000
308031213,3014
308031214,3014
308031215,3014
308031216,3014
308031217,3014
308031218,3000
308031219,3000
308031220,3000
308031221,3000
308031222,3014
308031223,3019
308041528,3000
308041529,3000
308051530,3000
308051531,3006
308051532,3006
308051533,3006
308051534,3006
308051535,3000
308051536,3006
308051537,3006
308051538,3006
308051539,3006
309011224,3007
309011225,3007
309011226,3007
309011227,3007
309011228,3007
309011229,3007
309021230,3007
309021231,3007
309021232,3007
309021233,3007
309021234,3007
309031235,3007
309031236,3007
309031237,3007
309031238,3007
309031239,3007
309031240,3007
309041241,3000
309041242,3000
309051243,3007
309051244,3007
309051245,3007
309061246,3007
309061247,3007
309061248,3007
309061249,3007
309061250,3007
309071251,3007
309071252,3007
309071253,3007
309071254,3000
309071256,3007
309071552,3007
309071553,3007
309071554,3007
309071555,3007
309071556,3007
309071557,3007
309071558,3007
309081259,3007
309081260,3007
309081262,3007
309081559,3007
309081560,3007
309091263,3007
309091264,3007
309091265,3007
309091540,3007
309091541,3007
309101267,3007
309101268,3007
309101269,3007
309101561,3007
309101562,3007
310011271,3002
310011272,3002
310011274,3002
310011275,3002
310011276,3002
310011563,3002
310011564,3002
310021277,3000
310021278,3000
310021279,3000
310021280,3000
310021281,3000
310021282,3002
310031283,3002
310031284,3002
310031285,3002
310031286,3002
310031287,3002
310031288,3002
310031289,3002
310031290,3002
310031291,3002
310031292,3002
310031293,3002
310031294,3002
310031295,3002
310041297,3002
310041298,3002
310041299,3002
310041300,3002
310041301,3002
310041302,3002
310041303,3002
310041304,3002
310041565,3002
310041566,3002
311011305,3002
311021306,3002
311021307,3002
311021308,3002
311021309,3002
311021310,3002
311031311,3002
311031312,3002
311031313,3002
311031314,3002
311031315,3002
311031316,3002
311031317,3002
311031318,3002
311031319,3002
311041322,3002
311041567,3002
311041568,3002
311041569,3002
311041570,3002
311041571,3002
311051323,3002
311051324,3002
311051325,3002
311051326,3002
311051327,3002
311051328,3002
311061329,3002
311061330,3002
311061331,3002
311061332,3002
311061333,3002
311061334,3002
311061335,3002
311061336,3002
312011337,3000
312011338,3000
312011339,3000
312011340,3000
312011341,3000
312021342,3011
312021343,3011
312021344,3011
312021345,3000
312021346,3011
312021347,3011
312021348,3011
312021349,3011
312021350,3011
312021351,3000
312021352,3000
312021353,3000
312021354,3011
312021355,3011
312021356,3011
312021357,3000
312021358,3011
312031359,3001
312031360,3000
312031361,3000
313011362,3002
313011363,3002
313021364,3002
313021366,3002
313021367,3002
313021368,3002
313021369,3002
313021572,3002
313021573,3002
313031370,3000
313031371,3000
313041372,3002
313041373,3002
313041374,3002
313041375,3002
313041376,3002
313051377,3002
313051378,3002
313051379,3002
313051380,3002
313051574,3000
313051575,3002
314011382,3002
314011383,3002
314011384,3002
314011385,3002
314011386,3002
314011387,3002
314021389,3002
314021576,3002
314021577,3002
314021578,3002
314021579,3002
314031391,3002
314031392,3002
314031393,3002
314031394,3002
315011395,3000
315011396,3000
315011397,3000
315011398,3000
315011399,3000
315011400,3000
315011401,3000
315011402,3000
315011403,3000
315021404,3000
315021405,3013
315021406,3000
315021407,3000
315031408,3000
315031409,3000
315031410,3000
315031411,3000
315031412,3000
316011413,3015
316011414,3015
316011415,3015
316011416,3015
316021417,3015
316021418,3015
316021419,3015
316021421,3015
316021422,3015
316021423,3015
316021424,3015
316021580,3015
316021581,3015
316031425,3015
316031426,3015
316031427,3015
316031428,3015
316051434,3015
316051435,3015
316051437,3015
316051438,3015
316051543,3015
316051544,3015
316061439,3015
316061440,3000
316061441,3015
316061442,3015
316061443,3000
316061444,3015
316071545,3015
316071546,3015
316071547,3015
316071548,3015
316081549,3015
317011445,3016
317011446,3016
317011447,3016
317011448,3000
317011449,3016
317011450,3016
317011451,3000
317011452,3016
317011453,3016
317011454,3016
317011455,3016
317011456,3016
317011457,3016
317011458,3016
317011459,3016
318011460,3000
318011461,3000
318011462,3000
318011463,3000
318011464,3000
318011465,3000
318011466,3000
318021467,3017
318021468,3017
318021469,3017
318021470,3017
318021471,3017
318021472,3017
318021474,3017
318021475,3017
318021476,3017
318021477,3017
318021478,3017
318021479,3017
318021480,3017
318021481,3017
318021482,3017
318021483,3000
318021484,3017
318021485,3017
318021486,3000
318021487,3017
318021488,3017
318021489,3000
318021490,3017
318021491,3017
318021582,3017
318021583,3017
319011492,3003
319011493,3003
319011494,3003
319011495,3003
319011496,3003
319011497,3003
319011498,3000
319011499,3000
319011500,3003
319011501,3003
319011502,3003
319021503,3000
319021504,3000
319021505,3010
319021506,3000
319021507,3000
319021508,3000
319021509,3000
319021510,3000
319031511,3000
319031512,3008
319031513,3008
319031514,3000
319031515,3000
319041516,3000
319041517,3009
319041518,3009
319041519,3009
319041520,3009
319041521,3009
319051522,3000
319051523,3012
319051524,3012
319051525,3000
319051526,3012
397979799,3000
399999499,3000
401011001,4001
401011002,4001
401021003,4000
401021004,4001
401021005,4001
401021006,4001
401021007,4001
401021008,4000
401021009,4001
401021010,4001
401031011,4001
401031012,4001
401031013,4001
401041014,4001
401041015,4001
401041016,4001
401051017,4001
401051018,4001
401051019,4001
401061020,4001
401061021,4001
401061022,4001
401071023,4001
401071024,4001
402011025,4001
402011026,4001
402011027,4001
402021028,4001
402021029,4001
402021030,4001
402021031,4001
402021032,4001
402021033,4000
402021034,4001
402021035,4001
402031036,4001
402031038,4001
402031175,4001
402031176,4001
402041039,4001
402041040,4001
402041041,4001
402041042,4001
402041043,4001
402041044,4001
402041046,4001
402041047,4001
402041048,4001
402041171,4001
402041172,4001
402051049,4001
402051050,4001
402051051,4001
402051052,4001
402051053,4001
402051054,4001
402051055,4001
403011056,4001
403011057,4001
403021058,4001
403021059,4001
403021060,4001
403021061,4001
403021062,4001
403021063,4001
403021064,4001
403031065,4001
403031066,4001
403031067,4001
403031068,4001
403031069,4001
403031070,4001
403041071,4001
403041072,4001
403041073,4001
403041074,4001
403041075,4000
403041076,4001
403041077,4001
403041078,4001
403041079,4001
403041080,4001
403041081,4001
403041082,4001
403041083,4001
403041084,4001
403041085,4001
403041086,4001
403041088,4001
403041089,4001
403041177,4001
403041178,4001
404011090,4001
404011091,4001
404011092,4001
404011093,4001
404011094,4001
404011095,4001
404011096,4001
404011097,4001
404021098,4001
404021099,4001
404021100,4001
404021101,4001
404021102,4001
404021103,4001
404031104,4001
404031105,4001
404031106,4001
404031107,4001
404031108,4001
404031109,4001
405011110,4000
405011111,4000
405011112,4000
405011113,4000
405011114,4000
405011115,4000
405021116,4000
405021117,4000
405021118,4000
405021119,4000
405031120,4000
405031121,4000
405031122,4006
405031123,4000
405041124,4000
405041125,4000
405041126,4000
405041127,4000
405041128,4000
406011129,4000
406011130,4000
406011131,4000
406011132,4000
406011133,4005
406011134,4000
406011135,4000
406011136,4008
406011137,4000
406021138,4000
406021139,4000
406021140,4000
406021141,4000
406021142,4004
406021143,4000
407011144,4007
407011145,4000
407011146,4000
407011147,4000
407011148,4007
407011149,4000
407021150,4000
407021151,4000
407021152,4000
407021154,4000
407021155,4000
407021156,4000
407021157,4000
407021158,4000
407021173,4002
407021174,4002
407031159,4000
407031160,4000
407031161,4000
407031162,4000
407031163,4000
407031164,4000
407031165,4003
407031166,4000
407031167,4000
407031168,4000
407031169,4000
407031170,4000
497979799,4000
499999499,4000
501011001,5000
501011003,5004
501011004,5000
501011293,5004
501011294,5004
501021005,5003
501021007,5000
501021008,5003
501021009,5000
501021010,5000
501021011,5003
501021012,5003
501021014,5000
501021015,5003
501021016,5000
501021251,5003
501021252,5003
501021253,5003
501021254,5003
501031017,5000
501031018,5000
501031019,5000
501031020,5000
502011021,5009
502011022,5009
502011023,5009
502011024,5009
502011025,5009
502011026,5009
502011027,5009
502011028,5009
502011029,5009
503011030,5009
503011031,5009
503011032,5009
503011033,5009
503011034,5009
503011035,5009
503011036,5009
503021037,5009
503021038,5009
503021039,5009
503021040,5009
503021042,5009
503021043,5009
503021295,5009
503021296,5009
503021297,5009
504011044,5009
504011045,5009
504011046,5009
504011047,5009
504011048,5009
504021049,5000
504021050,5009
504021051,5009
504021052,5000
504021053,5009
504021054,5009
504031055,5000
504031056,5009
504031057,5009
504031058,5000
504031060,5000
504031061,5009
504031062,5009
504031063,5009
504031064,5000
504031065,5009
504031066,5009
504031067,5009
504031068,5009
504031069,5000
504031298,5009
504031299,5009
504031300,5009
505011070,5009
505011071,5009
505011072,5009
505011073,5009
505011074,5009
505011075,5009
505011076,5009
505011077,5009
505011078,5009
505011079,5009
505011080,5009
505011081,5009
505011082,5009
505011083,5009
505021084,5009
505021085,5009
505021087,5009
505021088,5009
505021089,5009
505021090,5009
505021091,5009
505021092,5009
505021093,5009
505021094,5009
505021095,5009
505021096,5009
505021097,5009
505021301,5009
505021302,5009
505031098,5009
505031099,5009
505031100,5009
505031101,5009
505031102,5009
505031104,5009
505031105,5009
505031106,5009
505031107,5009
505031255,5009
505031256,5000
505031257,5009
505031258,5009
505031303,5009
505031304,5009
505031305,5009
505031306,5009
506011110,5009
506011111,5000
506011112,5009
506011114,5009
506011115,5009
506011116,5009
506011117,5009
506011307,5009
506011308,5009
506021118,5009
506021119,5009
506021120,5009
506021121,5009
506021123,5009
506021309,5009
506021310,5009
506021311,5009
506031124,5009
506031125,5009
506031126,5009
506031127,5009
506031128,5009
506031129,5009
506031130,5009
506031131,5009
506041132,5009
506041133,5009
506041134,5009
506041135,5009
506041136,5009
506041137,5009
506051138,5009
506051139,5009
506051140,5009
506051141,5009
506061142,5009
506061143,5009
506061144,5000
506071145,5009
506071146,5009
506071147,5009
507011148,5009
507011150,5009
507011151,5009
507011152,5009
507011153,5009
507011154,5009
507011155,5009
507011158,5009
507011159,5009
507011160,5009
507011161,5009
507011163,5009
507011259,5009
507011260,5009
507021164,5009
507021165,5009
507021166,5009
507021167,5009
507031169,5009
507031170,5009
507031172,5009
507031173,5009
507031174,5009
507031261,5009
507041175,5009
507041176,5009
507041177,5009
507041178,5009
507041179,5009
507041180,5009
507041181,5009
507041182,5009
507041183,5009
507041184,5009
507051186,5009
507051187,5009
507051188,5009
507051189,5009
507051190,5009
507051191,5009
507051192,5009
507051193,5009
507051312,5009
507051313,5009
507051314,5009
509011225,5001
509011226,5000
509011227,5001
509011228,5000
509011229,5000
509011230,5000
509011231,5000
509011232,5001
509011233,5001
509011234,5000
509011235,5000
509021236,5000
509021237,5000
509021238,5000
509021239,5000
509021240,5000
509021241,5000
509021242,5000
509021243,5000
509021244,5000
509021245,5000
509031246,5000
509031247,5000
509031248,5000
509031249,5000
509031250,5000
510011262,5002
510011263,5000
510011264,5000
510011265,5000
510011266,5000
510021267,5000
510021268,5000
510021269,5010
510021270,5010
510031271,5000
510031272,5008
510031273,5000
511011274,5005
511011275,5000
511021276,5000
511021277,5000
511031278,5007
511031279,5007
511031280,5007
511031281,5007
511031282,5000
511031283,5000
511031284,5000
511041285,5006
511041286,5006
511041287,5006
511041288,5006
511041289,5000
511041290,5000
511041291,5000
511041292,5000
597979799,5000
599999499,5000
601011001,6003
601011002,6003
601011003,6003
601021004,6003
601021005,6003
601021006,6003
601021007,6003
601021008,6003
601021009,6003
601021010,6003
601021011,6003
601021012,6000
601031013,6003
601031014,6003
601031015,6003
601031016,6003
601031017,6003
601031018,6003
601031019,6003
601031020,6000
601031021,6003
601041022,6003
601041023,6003
601041024,6003
601041025,6000
601041026,6003
601051027,6003
601051028,6003
601051029,6003
601051030,6003
601051031,6003
601051032,6003
601051033,6003
601061034,6000
601061035,6003
602011036,6004
602011037,6004
602011038,6004
602011039,6004
602011040,6004
602011041,6004
602011042,6004
602011043,6004
602011044,6004
602011045,6004
602011046,6004
602011047,6004
602011048,6004
602011049,6004
602011050,6004
602011051,6004
602011052,6004
602021053,6000
602021054,6000
602021055,6000
602021056,6004
602021057,6000
602031058,6000
602031059,6000
602031060,6000
602031061,6000
602031062,6000
602031064,6000
602031099,6000
602031100,6000
603011065,6000
603011066,6000
603011067,6000
603011068,6000
603021069,6000
603021070,6000
603021071,6000
603021072,6000
603031073,6000
603031074,6000
604011075,6001
604011076,6000
604011077,6001
604011078,6001
604011079,6000
604011080,6001
604011081,6001
604011082,6005
604011083,6005
604011084,6001
604021085,6002
604021086,6002
604021087,6002
604021088,6002
604021089,6000
604021090,6002
604021091,6000
604021092,6005
604031093,6000
604031094,6000
604031095,6000
604031096,6000
604031097,6000
604031098,6000
697979799,6000
699999499,6000
701011001,7002
701011002,7002
701011003,7002
701011004,7002
701011005,7002
701011006,7002
701011007,7002
701011008,7002
701011009,7002
701021010,7002
701021011,7002
701021012,7002
701021013,7002
701021014,7000
701021015,7002
701021016,7002
701021017,7002
701021018,7002
701021019,7002
701021020,7002
701021021,7002
701021022,7002
701021023,7002
701021024,7002
701021025,7002
701021026,7002
701021027,7002
701021028,7002
701021029,7002
701021030,7002
701031031,7002
701031032,7000
701031033,7000
701031034,7002
701031035,7000
701041036,7002
701041037,7002
701041038,7002
701041039,7002
701041040,7002
701041041,7002
701041042,7002
701041043,7002
701041044,7002
702011045,7001
702011046,7001
702011047,7001
702011048,7001
702011049,7001
702011050,7000
702011051,7001
702011052,7000
702011053,7000
702011054,7000
702021055,7000
702021056,7000
702031057,7000
702031058,7000
702031059,7000
702031060,7000
702031061,7000
702041062,7000
702041063,7000
702041064,7000
702051065,7000
702051066,7000
702051067,7000
702051068,7000
797979799,7000
799999499,7000
801011001,8001
801011002,8001
801011003,8001
801011004,8001
801011005,8001
801011006,8001
801011007,8001
801011008,8001
801011009,8001
801011010,8001
801011011,8001
801011012,8000
801011013,8001
801011014,8001
801011015,8001
801011016,8001
801011017,8001
801011018,8001
801011019,8001
801011020,8001
801011021,8001
801011022,8001
801011023,8001
801011024,8001
801011025,8001
801011026,8001
801011111,8000
801011142,8000
801011143,8001
801011144,8000
801031031,8001
801031032,8000
801031113,8001
801031114,8001
801031115,8001
801041034,8001
801041035,8001
801041036,8001
801041037,8001
801041038,8001
801041039,8001
801041040,8001
801041043,8000
801041044,8001
801041045,8001
801041046,8001
801041047,8001
801041048,8001
801041116,8000
801041117,8000
801041118,8001
801041119,8001
801041120,8001
801041121,8001
801041122,8001
801051049,8001
801051050,8001
801051051,8001
801051053,8001
801051054,8001
801051055,8001
801051056,8001
801051057,8001
801051058,8001
801051060,8001
801051061,8001
801051123,8000
801051124,8001
801051125,8001
801051126,8001
801051127,8001
801051128,8001
801061062,8001
801061063,8001
801061064,8001
801061066,8001
801061067,8001
801061068,8001
801061069,8001
801061070,8001
801061129,8001
801061130,8001
801061131,8001
801071071,8001
801071072,8001
801071073,8001
801071074,8001
801071075,8001
801071076,8001
801071077,8001
801071078,8001
801071079,8001
801071080,8001
801071081,8001
801071082,8001
801071083,8001
801071084,8001
801071085,8001
801071086,8001
801071087,8001
801071088,8001
801071089,8000
801071090,8001
801071132,8000
801081091,8001
801081092,8001
801081093,8001
801081094,8001
801081095,8001
801081096,8001
801081097,8001
801081098,8001
801081133,8001
801091099,8001
801091100,8001
801091101,8001
801091102,8001
801091103,8001
801091104,8001
801091105,8001
801091106,8001
801091107,8001
801091108,8001
801091109,8001
801091110,8001
801101134,8000
801101135,8001
801101136,8001
801101137,8000
801101139,8001
801101145,8000
801101146,8001
801111140,8000
801111141,8000
897979799,8000
899999499,8000
901011001,9000
901021002,9000
901031003,9000
901041004,9000
997979799,9000
999999499,9000
ZZZZZZZZZ,ZZZZ
