SA2_CODE_2021,TR_CODE_2021
101041025,1R010
101041026,1R010
101041027,1R010
107041548,1R010
107041549,1R010
101041024,1R010
114011272,1R010
114011273,1R010
114011274,1R010
114011275,1R010
114011276,1R010
114011277,1R010
107041150,1R010
107011545,1R010
101041017,1R010
114011279,1R010
114011280,1R010
114011281,1R010
114011282,1R010
114011283,1R010
114011278,1R010
101041018,1R010
101041019,1R010
101041020,1R010
101041021,1R010
101041022,1R010
101041023,1R010
107011131,1R010
107011132,1R010
107011133,1R010
107011134,1R010
107011546,1R010
107011547,1R010
107021135,1R010
107031136,1R010
107031137,1R010
107031138,1R010
107031139,1R010
107031140,1R010
107031141,1R010
107031142,1R010
107031143,1R010
107041144,1R010
107041145,1R010
107041146,1R010
107041147,1R010
107041148,1R010
117011321,1R040
119041382,1R040
119041668,1R040
119041669,1R040
119041670,1R040
119041671,1R040
120011383,1R040
120011385,1R040
120011386,1R040
120011672,1R040
119031370,1R040
119031371,1R040
119031373,1R040
119031374,1R040
119031664,1R040
119031665,1R040
119031666,1R040
119031667,1R040
119041377,1R040
119011356,1R040
119011358,1R040
119011360,1R040
119011361,1R040
119011571,1R040
119011572,1R040
119011655,1R040
119011656,1R040
119011657,1R040
119011658,1R040
119021362,1R040
119021366,1R040
119021367,1R040
119021573,1R040
121011399,1R040
121011401,1R040
121011682,1R040
121011683,1R040
121011684,1R040
121011685,1R040
121011686,1R040
121011687,1R040
121021403,1R040
121021404,1R040
121021406,1R040
121021577,1R040
121021578,1R040
121021579,1R040
121031407,1R040
121031408,1R040
121031409,1R040
121031410,1R040
121031411,1R040
121031412,1R040
121041413,1R040
121041414,1R040
121041416,1R040
121041417,1R040
121041688,1R040
120011673,1R040
120021387,1R040
120021389,1R040
120021674,1R040
120021675,1R040
120031392,1R040
120031393,1R040
120031394,1R040
120031395,1R040
120031396,1R040
120031576,1R040
120031676,1R040
120031677,1R040
120031678,1R040
120031679,1R040
120031680,1R040
120031681,1R040
124031457,1R040
124031459,1R040
124031460,1R040
124031461,1R040
124031462,1R040
124031463,1R040
124031464,1R040
124031465,1R040
124031707,1R040
124031708,1R040
124041466,1R040
124041467,1R040
124041468,1R040
124051469,1R040
125031480,1R040
125031483,1R040
125031484,1R040
125031486,1R040
125031487,1R040
125031713,1R040
125031714,1R040
125031715,1R040
125031716,1R040
125041489,1R040
125041490,1R040
125041491,1R040
125041493,1R040
125041494,1R040
125041588,1R040
125041589,1R040
125041717,1R040
124051470,1R040
124051580,1R040
124051581,1R040
125011475,1R040
125011582,1R040
125011583,1R040
125011584,1R040
125011585,1R040
125011586,1R040
125011587,1R040
125011709,1R040
125011710,1R040
125021477,1R040
125021478,1R040
125021711,1R040
125021712,1R040
125031479,1R040
121041689,1R040
122011418,1R040
122011419,1R040
122021420,1R040
122021421,1R040
122021422,1R040
122021690,1R040
122021691,1R040
122031424,1R040
122031425,1R040
122031427,1R040
122031429,1R040
122031430,1R040
122031432,1R040
122031692,1R040
122031693,1R040
122031694,1R040
122031695,1R040
122031696,1R040
122031697,1R040
123011433,1R040
123011698,1R040
123011699,1R040
115011290,1R040
115011291,1R040
115011294,1R040
115011296,1R040
115011553,1R040
123011700,1R040
123011701,1R040
123011702,1R040
123021436,1R040
123021437,1R040
123021438,1R040
123021439,1R040
123021441,1R040
123021443,1R040
123021444,1R040
123021703,1R040
123021704,1R040
123021705,1R040
123021706,1R040
123031445,1R040
123031446,1R040
123031447,1R040
123031448,1R040
125041718,1R040
125041719,1R040
126011496,1R040
126011720,1R040
126011721,1R040
126021498,1R040
126021499,1R040
126021500,1R040
126021501,1R040
126021503,1R040
126021590,1R040
126021722,1R040
126021723,1R040
126021724,1R040
126021725,1R040
127011504,1R040
127011505,1R040
127011592,1R040
127011593,1R040
127011594,1R040
127011595,1R040
127011596,1R040
127011597,1R040
127011726,1R040
127011727,1R040
127011729,1R040
127021509,1R040
127021510,1R040
127021511,1R040
127021512,1R040
127021513,1R040
127021514,1R040
127021515,1R040
127021516,1R040
127021517,1R040
127021518,1R040
127021519,1R040
127021520,1R040
127021521,1R040
127031522,1R040
127031523,1R040
127031524,1R040
127031599,1R040
127031601,1R040
127031730,1R040
127031731,1R040
127031732,1R040
127031733,1R040
128011529,1R040
128011530,1R040
128011531,1R040
128011602,1R040
128011603,1R040
128011604,1R040
116011560,1R040
128011605,1R040
128011606,1R040
128021533,1R040
128021534,1R040
128021535,1R040
128021536,1R040
128021537,1R040
128021538,1R040
128021607,1R040
128021608,1R040
128021609,1R040
125031481,1R040
116031317,1R040
116031318,1R040
116031319,1R040
117011320,1R040
127011728,1R040
117011323,1R040
117011324,1R040
117011325,1R040
115011554,1R040
115011555,1R040
115011556,1R040
115011557,1R040
115011558,1R040
115011621,1R040
115011622,1R040
115021297,1R040
115021298,1R040
115031299,1R040
115031300,1R040
115041301,1R040
115041623,1R040
115041624,1R040
115041625,1R040
116011303,1R040
116011304,1R040
116011306,1R040
116011307,1R040
119031372,1R040
116011561,1R040
116011626,1R040
116011627,1R040
116021309,1R040
116021562,1R040
116021563,1R040
116021628,1R040
116021629,1R040
116021630,1R040
116021631,1R040
116021632,1R040
116021633,1R040
116031313,1R040
116031314,1R040
116031315,1R040
116031316,1R040
117021327,1R040
117031639,1R040
117031640,1R040
117031641,1R040
117031642,1R040
117021328,1R040
117021636,1R040
117021637,1R040
117031329,1R040
117031330,1R040
117031331,1R040
117031333,1R040
117031336,1R040
117031638,1R040
117011634,1R040
117011635,1R040
118021569,1R040
118021570,1R040
118021651,1R040
118021652,1R040
118021653,1R040
118021654,1R040
119011354,1R040
119011355,1R040
117031643,1R040
117031644,1R040
117031645,1R040
117031646,1R040
117031647,1R040
117031648,1R040
118011339,1R040
118011340,1R040
118011341,1R040
118011342,1R040
118011344,1R040
118011345,1R040
118011346,1R040
118011347,1R040
118011649,1R040
118011650,1R040
118021564,1R040
118021565,1R040
118021566,1R040
118021567,1R040
118021568,1R040
119021574,1R040
119021659,1R040
119021660,1R040
119021661,1R040
119021662,1R040
119021663,1R040
119041378,1R040
119041379,1R040
119041380,1R040
119041381,1R040
101031013,1R050
101031014,1R050
113021262,1R050
101031016,1R050
113021261,1R050
113021260,1R050
101031015,1R050
101021611,1R060
101021007,1R060
101021008,1R060
101021009,1R060
114021289,1R060
101021010,1R060
101061544,1R060
101021012,1R060
101051539,1R060
101051540,1R060
101061542,1R060
101061543,1R060
101061541,1R060
114021284,1R060
114021285,1R060
114021286,1R060
114021287,1R060
114021288,1R060
101021610,1R060
109011176,1R070
109011172,1R070
109031185,1R070
109031184,1R070
109031183,1R070
109031182,1R070
109031181,1R070
109031180,1R070
109021179,1R070
109021178,1R070
109011173,1R070
109011174,1R070
109011175,1R070
113031271,1R080
113031265,1R080
113031263,1R080
109021177,1R080
113031270,1R080
113031269,1R080
113031267,1R080
113031266,1R080
113011259,1R080
113031264,1R080
113011256,1R080
113011257,1R080
113011258,1R080
113031268,1R080
103041078,1R090
105031106,1R090
105031105,1R090
103011059,1R090
103011060,1R090
105031103,1R090
103011612,1R090
103021068,1R090
103021063,1R090
103021064,1R090
105011094,1R090
105031102,1R090
103021062,1R090
103021065,1R090
103021066,1R090
103021067,1R090
103021069,1R090
105031099,1R090
103031072,1R090
103031074,1R090
105031100,1R090
103041076,1R090
105031104,1R090
105031101,1R090
103041077,1R090
103041079,1R090
103011613,1R090
103031073,1R090
111021215,1R100
111011214,1R100
111011213,1R100
111011212,1R100
111011211,1R100
111011210,1R100
111011209,1R100
111011208,1R100
111011207,1R100
106031119,1R100
111011206,1R100
111031235,1R100
111031234,1R100
111031233,1R100
111031232,1R100
111031231,1R100
111031230,1R100
111031229,1R100
111031228,1R100
111031227,1R100
111031226,1R100
111031225,1R100
111031224,1R100
106011107,1R100
106011108,1R100
106011109,1R100
106011110,1R100
106011111,1R100
106011112,1R100
106011113,1R100
106021116,1R100
106021614,1R100
106021615,1R100
106021616,1R100
106021617,1R100
106021618,1R100
111031223,1R100
106021114,1R100
106031125,1R100
106041127,1R100
106041126,1R100
106031123,1R100
106031122,1R100
106031121,1R100
111031222,1R100
111021221,1R100
111021220,1R100
111021219,1R100
106041128,1R100
106041129,1R100
111021218,1R100
108051167,1R100
111021217,1R100
111021216,1R100
106031120,1R100
110021192,1R140
110021193,1R140
110021194,1R140
110031196,1R140
110031197,1R140
110031198,1R140
110041199,1R140
110041200,1R140
110041201,1R140
110041202,1R140
110041203,1R140
110041204,1R140
110041205,1R140
110011189,1R140
110031195,1R140
110011186,1R140
110011187,1R140
110011188,1R140
110021190,1R140
110021191,1R140
105011092,1R150
105011093,1R150
105011095,1R150
105021098,1R150
105021097,1R150
105011096,1R150
102021053,1R180
102011028,1R180
102021050,1R180
102021057,1R180
102021056,1R180
102021055,1R180
102021054,1R180
102011035,1R180
102021052,1R180
102021051,1R180
102021049,1R180
102011043,1R180
102011037,1R180
102011042,1R180
102011041,1R180
102011040,1R180
102011039,1R180
102011038,1R180
102011031,1R180
102011036,1R180
102011034,1R180
102011033,1R180
102011032,1R180
102011030,1R180
102011029,1R180
102021048,1R180
102021047,1R180
102021046,1R180
102021045,1R180
102021044,1R180
103031070,1R190
103031075,1R190
103031071,1R190
124011454,1R190
103011061,1R190
124021456,1R190
124011455,1R190
124011449,1R190
124011450,1R190
124011451,1R190
124011452,1R190
124011453,1R190
112011237,1R200
112011238,1R200
112011239,1R200
112011240,1R200
112011241,1R200
112011242,1R200
112011243,1R200
112021244,1R200
112021245,1R200
112021246,1R200
112021247,1R200
112021248,1R200
104021084,1R200
104021083,1R200
104011082,1R200
104011081,1R200
106031124,1R200
104011080,1R200
112031254,1R200
112031253,1R200
112031252,1R200
112031251,1R200
108011151,1R200
108011152,1R200
108011153,1R200
112031250,1R200
108051168,1R200
112021249,1R200
108041620,1R200
112031550,1R200
108041166,1R200
108041165,1R200
108041164,1R200
108041162,1R200
108031161,1R200
108021160,1R200
108021159,1R200
104021091,1R200
108021158,1R200
112031552,1R200
104021090,1R200
112031551,1R200
108041619,1R200
104021089,1R200
104021088,1R200
104021087,1R200
104021086,1R200
104021085,1R200
112011236,1R200
108051171,1R200
108051170,1R200
108021157,1R200
108021156,1R200
108021155,1R200
108011154,1R200
108051169,1R200
210051442,2R010
210051443,2R010
210051445,2R010
211041269,2R010
211041270,2R010
211041271,2R010
211041272,2R010
211041273,2R010
212041312,2R010
212041313,2R010
213051362,2R010
212021293,2R010
212021295,2R010
212021297,2R010
212021299,2R010
212021453,2R010
212021454,2R010
212021455,2R010
213051363,2R010
213051368,2R010
213051464,2R010
206011109,2R010
206011495,2R010
206011496,2R010
206011497,2R010
206011498,2R010
206021110,2R010
213051466,2R010
213051467,2R010
213051468,2R010
213051579,2R010
212041316,2R010
212041317,2R010
213051580,2R010
213051581,2R010
213051582,2R010
213051583,2R010
212041318,2R010
212041459,2R010
213051584,2R010
213051585,2R010
212041460,2R010
211031265,2R010
211031266,2R010
211031267,2R010
211031268,2R010
211031450,2R010
211031451,2R010
211031452,2R010
212041563,2R010
213051586,2R010
213051587,2R010
213051588,2R010
213051589,2R010
213051590,2R010
212041564,2R010
212041565,2R010
212041566,2R010
212051319,2R010
212051321,2R010
212051322,2R010
212051323,2R010
212051324,2R010
212051325,2R010
212051326,2R010
212051327,2R010
213041359,2R010
212051567,2R010
212051568,2R010
213011328,2R010
213011329,2R010
213011331,2R010
213011332,2R010
213011333,2R010
212021456,2R010
212021553,2R010
212021554,2R010
213011334,2R010
213011335,2R010
213011336,2R010
213011337,2R010
213011338,2R010
212031300,2R010
212031303,2R010
212031304,2R010
213011339,2R010
213011340,2R010
213011569,2R010
206011106,2R010
206011107,2R010
213011570,2R010
213021341,2R010
213021342,2R010
213021343,2R010
213021344,2R010
213021345,2R010
213021346,2R010
213031347,2R010
212031306,2R010
212031308,2R010
212031457,2R010
213031348,2R010
213031349,2R010
213031350,2R010
213031351,2R010
212031458,2R010
212031555,2R010
212031556,2R010
212031557,2R010
212031558,2R010
213031352,2R010
213041358,2R010
213041360,2R010
213041461,2R010
213041462,2R010
212031559,2R010
212031560,2R010
212031561,2R010
212031562,2R010
206041127,2R010
206041503,2R010
206041504,2R010
206041505,2R010
206041506,2R010
206041507,2R010
206041508,2R010
206041509,2R010
206041510,2R010
206051128,2R010
206021112,2R010
206021499,2R010
206021500,2R010
206031113,2R010
206031115,2R010
206031116,2R010
206031501,2R010
206031502,2R010
206041117,2R010
206041118,2R010
206041119,2R010
206041120,2R010
206041121,2R010
206041124,2R010
206041125,2R010
206051513,2R010
206051514,2R010
206061135,2R010
206061136,2R010
206071518,2R010
207011146,2R010
207011147,2R010
207011148,2R010
207011149,2R010
207011150,2R010
207011152,2R010
207011154,2R010
207011155,2R010
207011519,2R010
207011520,2R010
206061138,2R010
206061515,2R010
206061516,2R010
206071139,2R010
206071140,2R010
206071141,2R010
206071142,2R010
206071143,2R010
206071145,2R010
206071517,2R010
206051129,2R010
206051130,2R010
206051134,2R010
206051511,2R010
206051512,2R010
208021178,2R010
208021179,2R010
208021180,2R010
208021181,2R010
208021182,2R010
208021426,2R010
207011521,2R010
207011522,2R010
207021156,2R010
207021157,2R010
207021159,2R010
207021160,2R010
207021424,2R010
207021425,2R010
207031161,2R010
207031162,2R010
207031163,2R010
207031164,2R010
207031165,2R010
207031166,2R010
207031167,2R010
208011168,2R010
208011169,2R010
208011170,2R010
208011171,2R010
208011172,2R010
208011173,2R010
208021174,2R010
208021176,2R010
208021177,2R010
208031187,2R010
208031188,2R010
208031189,2R010
208031190,2R010
213041463,2R010
213041571,2R010
213041572,2R010
213041573,2R010
209041216,2R010
209041217,2R010
209041220,2R010
209041221,2R010
209041223,2R010
213041574,2R010
209041225,2R010
209041431,2R010
209041432,2R010
209041433,2R010
209041435,2R010
209041436,2R010
209041437,2R010
209041527,2R010
209041528,2R010
209041529,2R010
209041530,2R010
209041531,2R010
209041532,2R010
208031191,2R010
208031192,2R010
208031193,2R010
208041194,2R010
208041195,2R010
209011196,2R010
209011197,2R010
209011198,2R010
209011199,2R010
209011200,2R010
209011201,2R010
209011202,2R010
209011203,2R010
209011204,2R010
209021205,2R010
209021428,2R010
209021429,2R010
209021523,2R010
209021524,2R010
209021525,2R010
209021526,2R010
213041575,2R010
213041576,2R010
213041577,2R010
208021427,2R010
208031183,2R010
208031184,2R010
208031185,2R010
208031186,2R010
210051542,2R010
210051543,2R010
210051544,2R010
210051545,2R010
211011251,2R010
211011254,2R010
211011255,2R010
211011256,2R010
211011257,2R010
211011258,2R010
211011259,2R010
211011260,2R010
211011446,2R010
211011447,2R010
211011448,2R010
211011449,2R010
211021261,2R010
211021262,2R010
211031263,2R010
210011226,2R010
210011227,2R010
210011228,2R010
210011230,2R010
210011231,2R010
210011533,2R010
210011534,2R010
213041578,2R010
213051361,2R010
212041309,2R010
212041310,2R010
210031236,2R010
210031237,2R010
210031439,2R010
210031440,2R010
210031535,2R010
210031536,2R010
210031537,2R010
210031538,2R010
210041240,2R010
210041539,2R010
210041540,2R010
210041541,2R010
210051242,2R010
210051243,2R010
210051245,2R010
210051246,2R010
210051247,2R010
210051248,2R010
210051250,2R010
210051441,2R010
215011390,2R020
215011394,2R020
215031400,2R020
215021470,2R030
215031403,2R030
215031402,2R030
215031405,2R030
215021395,2R030
215021396,2R030
215021398,2R030
215031401,2R030
215031404,2R030
215021469,2R030
215021399,2R030
217031475,2R040
217031474,2R040
217031473,2R040
217031472,2R040
203011036,2R040
217031471,2R040
217041479,2R040
217041480,2R040
203031049,2R040
217041478,2R040
203031053,2R040
217041477,2R040
217031476,2R040
217011420,2R040
217011422,2R040
215011389,2R050
217011423,2R050
217011421,2R050
215011393,2R050
215011388,2R050
202021026,2R060
202021027,2R060
202021028,2R060
202031032,2R060
202031033,2R060
202021029,2R060
201031016,2R060
201031017,2R060
202011018,2R060
202011019,2R060
202011020,2R060
202011021,2R060
202011022,2R060
202011023,2R060
202011024,2R060
202011025,2R060
214021379,2R070
214021591,2R070
214021592,2R070
214011370,2R070
214011371,2R070
214021382,2R070
214021381,2R070
214011373,2R070
214021378,2R070
214021377,2R070
214011376,2R070
214011374,2R070
214021385,2R070
214011372,2R070
214021383,2R070
214021384,2R070
214011375,2R070
216021414,2R080
216021413,2R080
216011406,2R080
216021411,2R080
216021412,2R080
216011407,2R080
216011409,2R080
216011410,2R080
216011408,2R080
204011055,2R090
216031415,2R090
216031416,2R090
216031418,2R090
204011059,2R090
209041224,2R090
216031419,2R090
204011058,2R090
216031594,2R090
216031593,2R090
204011056,2R090
204011060,2R090
204031072,2R100
204031071,2R100
204031069,2R100
204031070,2R100
204011057,2R100
204011054,2R100
204011062,2R100
204021066,2R100
204021067,2R100
204021065,2R100
204021064,2R100
204021063,2R100
204031075,2R100
209031211,2R100
204031068,2R100
205021085,2R110
205021086,2R110
205021080,2R110
205021081,2R110
205021082,2R110
205021083,2R110
205021084,2R110
205051103,2R120
205051104,2R120
205031089,2R120
205011076,2R120
205011077,2R120
205011078,2R120
205011079,2R120
205031087,2R120
205031090,2R120
205031092,2R120
205041094,2R120
205041095,2R120
205041096,2R120
205041098,2R120
205041493,2R120
205041494,2R120
205051099,2R120
205051100,2R120
205051101,2R120
205051102,2R120
203021043,2R140
203021047,2R140
203031051,2R140
203031048,2R140
203021486,2R140
203021488,2R140
203021487,2R140
203011034,2R140
203011035,2R140
203021485,2R140
203021037,2R140
203021039,2R140
203021040,2R140
203021042,2R140
203021046,2R140
203021045,2R140
203021044,2R140
203031052,2R140
203031489,2R140
203031490,2R140
213041353,2R150
210021235,2R150
202021031,2R150
210021234,2R150
202021030,2R150
210021233,2R150
210021232,2R150
201021012,2R150
201021009,2R150
201021011,2R160
201021010,2R160
201031015,2R170
201011484,2R170
201031014,2R170
201011001,2R170
201031013,2R170
201011002,2R170
201011005,2R170
201011006,2R170
201011483,2R170
201011482,2R170
201011481,2R170
201011008,2R170
201011007,2R170
215011391,2R180
215011386,2R180
215011387,2R180
215011392,2R180
204031073,2R200
204031491,2R200
204031492,2R200
205031091,2R210
205031088,2R210
205031093,2R210
211051279,2R220
211051277,2R220
211051276,2R220
211051275,2R220
212011552,2R220
212011551,2R220
211051274,2R220
209031210,2R220
209031209,2R220
209031215,2R220
209031214,2R220
209031213,2R220
209031212,2R220
211051278,2R220
204011061,2R220
211051281,2R220
211051282,2R220
211051283,2R220
211051284,2R220
211051285,2R220
211051286,2R220
212011289,2R220
212011546,2R220
212011547,2R220
212011548,2R220
212011549,2R220
212011550,2R220
211051280,2R220
309011227,3R010
309081259,3R010
309011226,3R010
309011225,3R010
309011224,3R010
309071557,3R010
309071556,3R010
309071555,3R010
309071554,3R010
309071553,3R010
309071552,3R010
309011229,3R010
309021232,3R010
309021231,3R010
309021230,3R010
309071256,3R010
309071254,3R010
309071253,3R010
309071252,3R010
309021234,3R010
309071251,3R010
309031238,3R010
309031239,3R010
309031240,3R010
309041241,3R010
309061250,3R010
309051243,3R010
309051244,3R010
309051245,3R010
309101267,3R010
309091541,3R010
309091265,3R010
309091540,3R010
309031235,3R010
309091263,3R010
309091264,3R010
309031237,3R010
309031236,3R010
309011228,3R010
309101562,3R010
309081260,3R010
309071558,3R010
309101561,3R010
309081262,3R010
309081559,3R010
309081560,3R010
309101269,3R010
309061246,3R010
309061247,3R010
309061248,3R010
309061249,3R010
309101268,3R010
309021233,3R010
311031315,3R020
311031316,3R020
313041372,3R020
313041373,3R020
313041374,3R020
313041375,3R020
313041376,3R020
313051377,3R020
305031130,3R020
305031131,3R020
305041132,3R020
303021055,3R020
303021056,3R020
303021057,3R020
313051378,3R020
313051379,3R020
313051380,3R020
313051574,3R020
313051575,3R020
305011107,3R020
303031065,3R020
303031066,3R020
303041067,3R020
303041068,3R020
305041133,3R020
305041134,3R020
305041135,3R020
305041136,3R020
305041137,3R020
303021058,3R020
303021059,3R020
314011382,3R020
314011383,3R020
314011384,3R020
314011385,3R020
314011386,3R020
314011387,3R020
314021389,3R020
314021576,3R020
314021577,3R020
314021578,3R020
314021579,3R020
314031391,3R020
314031392,3R020
314031393,3R020
314031394,3R020
303031060,3R020
303031061,3R020
305011108,3R020
305011109,3R020
303041069,3R020
303041070,3R020
303041071,3R020
305011110,3R020
302031040,3R020
302041041,3R020
302041042,3R020
302041043,3R020
302041044,3R020
303031062,3R020
303031063,3R020
303031064,3R020
310031293,3R020
311061331,3R020
303051072,3R020
303051073,3R020
303051074,3R020
310031294,3R020
310031295,3R020
310041297,3R020
310041298,3R020
311061332,3R020
311061333,3R020
310041299,3R020
310041300,3R020
305011111,3R020
305011112,3R020
305021113,3R020
305021114,3R020
303051075,3R020
303051076,3R020
309041242,3R020
303061077,3R020
301011001,3R020
301011002,3R020
301011003,3R020
301011004,3R020
305021115,3R020
310011271,3R020
310011272,3R020
305021116,3R020
305021117,3R020
305021118,3R020
305031119,3R020
311061334,3R020
311061335,3R020
311061336,3R020
303061078,3R020
303061079,3R020
301011005,3R020
301011006,3R020
301021007,3R020
301021008,3R020
301021009,3R020
301021011,3R020
301021012,3R020
301021013,3R020
301021550,3R020
301021551,3R020
301031014,3R020
305031120,3R020
302041045,3R020
302041046,3R020
310041301,3R020
305031121,3R020
305031122,3R020
310011274,3R020
303061080,3R020
311031317,3R020
311031318,3R020
304011081,3R020
301031015,3R020
301031016,3R020
301031017,3R020
310011275,3R020
310011276,3R020
310011563,3R020
310011564,3R020
310021277,3R020
310021278,3R020
310021279,3R020
303011047,3R020
303011048,3R020
303011049,3R020
311031319,3R020
311041322,3R020
311041567,3R020
311041568,3R020
311041569,3R020
311041570,3R020
311041571,3R020
304011082,3R020
304011083,3R020
304011084,3R020
301031019,3R020
301031020,3R020
301031021,3R020
302011022,3R020
311051323,3R020
311051324,3R020
311051325,3R020
311051326,3R020
311051327,3R020
302011023,3R020
302011024,3R020
302011025,3R020
302011026,3R020
302021027,3R020
302021028,3R020
310041302,3R020
310041303,3R020
305031123,3R020
305031124,3R020
305031125,3R020
303011050,3R020
303011051,3R020
303021052,3R020
310041304,3R020
310041565,3R020
310041566,3R020
305031126,3R020
305031127,3R020
305031128,3R020
304011085,3R020
304021086,3R020
311051328,3R020
311061329,3R020
311061330,3R020
304021087,3R020
304021088,3R020
304021089,3R020
304021090,3R020
304021091,3R020
304031092,3R020
304031093,3R020
304031094,3R020
302021029,3R020
311021306,3R020
311021307,3R020
302021030,3R020
305031129,3R020
303021053,3R020
303021054,3R020
311011305,3R020
301031018,3R020
310021281,3R020
310021282,3R020
304031095,3R020
311021308,3R020
311021309,3R020
311021310,3R020
304031096,3R020
304031097,3R020
304041098,3R020
304041099,3R020
304041100,3R020
304041101,3R020
302021031,3R020
302021032,3R020
311031311,3R020
311031312,3R020
311031313,3R020
311031314,3R020
302021033,3R020
310031283,3R020
310031284,3R020
310031285,3R020
310031286,3R020
310031287,3R020
310031288,3R020
304041102,3R020
304041103,3R020
304041104,3R020
305011105,3R020
302021034,3R020
302031035,3R020
302031036,3R020
302031037,3R020
302031038,3R020
302031039,3R020
310031289,3R020
310031290,3R020
310031291,3R020
310031292,3R020
305011106,3R020
313011362,3R020
313011363,3R020
313021364,3R020
313021366,3R020
313021367,3R020
313021368,3R020
313021369,3R020
313021572,3R020
313021573,3R020
313031370,3R020
313031371,3R020
316021421,3R030
316051543,3R030
316051544,3R030
316061439,3R030
316061440,3R030
316061441,3R030
316011415,3R030
316061442,3R030
316011414,3R030
316081549,3R030
316071548,3R030
316071547,3R030
316021417,3R030
316021418,3R030
316021419,3R030
316021580,3R030
316021422,3R030
316021423,3R030
316071546,3R030
316071545,3R030
319031511,3R030
316061443,3R030
316011416,3R030
319031515,3R030
316061444,3R030
316011413,3R030
319031514,3R030
319031513,3R030
319031512,3R030
316021424,3R030
316021581,3R030
316031425,3R030
316031426,3R030
316031427,3R030
316031428,3R030
316051434,3R030
316051435,3R030
316051437,3R030
316051438,3R030
319051522,3R040
319051523,3R040
319051524,3R040
319051525,3R040
319051526,3R040
319041520,3R040
319041518,3R040
319041517,3R040
319041516,3R040
319041521,3R040
319041519,3R040
310021280,3R060
307031189,3R060
307031188,3R060
307031187,3R060
307011172,3R060
307011173,3R060
307011174,3R060
307011175,3R060
307031186,3R060
307031185,3R060
307031184,3R060
307021183,3R060
307021182,3R060
317011448,3R060
317011445,3R060
317011446,3R060
317011447,3R060
317011449,3R060
317011450,3R060
317011451,3R060
317011452,3R060
319021505,3R060
319021506,3R060
319021507,3R060
317011453,3R060
317011454,3R060
317011455,3R060
319021509,3R060
317011456,3R060
317011457,3R060
317011458,3R060
317011459,3R060
307021181,3R060
307021180,3R060
307021179,3R060
307011178,3R060
319011494,3R070
319021503,3R070
319021504,3R070
319011501,3R070
319011493,3R070
319011495,3R070
319021508,3R070
319011499,3R070
319011498,3R070
319011496,3R070
319011500,3R070
319021510,3R070
319011497,3R070
319011502,3R070
319011492,3R070
312021354,3R090
312021355,3R090
312021349,3R090
312021352,3R090
312021351,3R090
312021350,3R090
312021348,3R090
312021347,3R090
312021346,3R090
312021342,3R090
312021345,3R090
312011339,3R090
312011338,3R090
312021353,3R090
312021356,3R090
312021357,3R090
312021358,3R090
312021343,3R090
312021344,3R090
312011341,3R090
312031359,3R100
312031360,3R100
312031361,3R100
312011340,3R100
312011337,3R100
318021486,3R110
318021487,3R110
318021488,3R110
318021489,3R110
318021490,3R110
318021491,3R110
318021582,3R110
318021583,3R110
318021472,3R110
318021474,3R110
318021475,3R110
318021476,3R110
318021477,3R110
318021478,3R110
318011460,3R110
318011461,3R110
318021479,3R110
318011463,3R110
318011464,3R110
318011465,3R110
318011466,3R110
318021480,3R110
318021481,3R110
318021467,3R110
318021468,3R110
318021469,3R110
318021470,3R110
318011462,3R110
318021471,3R110
318021482,3R110
318021483,3R110
318021484,3R110
318021485,3R110
315011397,3R120
306021152,3R120
306051169,3R120
306051170,3R120
306021153,3R120
306021154,3R120
306041164,3R120
306021155,3R120
306021156,3R120
306011143,3R120
306011142,3R120
306021144,3R120
315011395,3R120
315011396,3R120
306041165,3R120
315011398,3R120
315011399,3R120
306021145,3R120
306021146,3R120
306011141,3R120
315011400,3R120
315011401,3R120
315011402,3R120
315011403,3R120
315021404,3R120
306021157,3R120
306031158,3R120
306031159,3R120
306021147,3R120
306031160,3R120
306031161,3R120
306031162,3R120
306051168,3R120
306011140,3R120
306011139,3R120
306011138,3R120
306051167,3R120
306031163,3R120
306051166,3R120
306021148,3R120
306021149,3R120
306021150,3R120
306021151,3R120
315021407,3R140
307011171,3R140
307011176,3R140
315031409,3R140
308041528,3R140
308041529,3R140
315021405,3R140
315021406,3R140
315031408,3R140
315031410,3R140
315031411,3R140
315031412,3R140
307011177,3R140
308031218,3R170
308031205,3R170
308011192,3R170
308011190,3R170
308031208,3R170
308031219,3R170
308031220,3R170
308031221,3R170
308031207,3R170
308031217,3R170
308031215,3R170
308031214,3R170
308031213,3R170
308031212,3R170
308031211,3R170
308031210,3R170
308031216,3R170
308011191,3R170
308031222,3R170
308031223,3R170
308031206,3R170
308031209,3R170
308051537,3R180
308051538,3R180
308051533,3R180
308051531,3R180
308051534,3R180
308051535,3R180
308051539,3R180
308051530,3R180
308051536,3R180
308051532,3R180
407021158,4R010
407021174,4R010
407021173,4R010
407021157,4R010
407021156,4R010
407021155,4R010
407021154,4R010
407021152,4R010
407021151,4R010
407021150,4R010
407031165,4R020
407031169,4R020
407031166,4R020
407031164,4R020
407031161,4R020
403041083,4R030
403041088,4R030
403041075,4R030
403041072,4R030
407011149,4R030
407011148,4R030
407011147,4R030
407011146,4R030
407011144,4R030
403041178,4R030
403041177,4R030
402031036,4R040
404021103,4R040
404021102,4R040
404021101,4R040
404021100,4R040
404021099,4R040
404021098,4R040
404011097,4R040
402021035,4R040
402021034,4R040
402021033,4R040
402021032,4R040
403041085,4R040
403041084,4R040
403041082,4R040
403041081,4R040
403041080,4R040
401011001,4R040
401011002,4R040
401031011,4R040
401031012,4R040
401031013,4R040
401041014,4R040
401041015,4R040
401051017,4R040
401051018,4R040
401051019,4R040
401061020,4R040
403041078,4R040
403041077,4R040
403041076,4R040
401061021,4R040
403041074,4R040
403041073,4R040
401061022,4R040
403041071,4R040
403031070,4R040
401041016,4R040
402031176,4R040
404031109,4R040
403041079,4R040
402021031,4R040
403031069,4R040
403031068,4R040
402041047,4R040
402041046,4R040
403031067,4R040
403031066,4R040
403031065,4R040
403021064,4R040
403021063,4R040
403021062,4R040
402041044,4R040
402041043,4R040
402041042,4R040
403021061,4R040
403021060,4R040
402041041,4R040
404031108,4R040
404031107,4R040
402041040,4R040
402041039,4R040
403041089,4R040
404011096,4R040
404011095,4R040
402021030,4R040
402021029,4R040
403041086,4R040
404031106,4R040
404031105,4R040
403021059,4R040
403021058,4R040
403011057,4R040
403011056,4R040
402051055,4R040
404031104,4R040
402021028,4R040
402051054,4R040
402051053,4R040
402051052,4R040
402051051,4R040
404011094,4R040
404011093,4R040
404011092,4R040
404011091,4R040
404011090,4R040
402011026,4R040
401071024,4R040
401071023,4R040
402051050,4R040
402051049,4R040
402031175,4R040
402031038,4R040
402041172,4R040
402041171,4R040
402041048,4R040
405011111,4R050
405011112,4R050
405011114,4R050
405011115,4R050
405011110,4R050
402011025,4R050
407031170,4R060
407031159,4R060
407031168,4R060
407031167,4R060
407031162,4R060
407031160,4R060
407031163,4R060
406021140,4R070
406021139,4R070
406021138,4R070
406021142,4R070
405031122,4R070
406011135,4R070
406021141,4R070
405031123,4R070
405031121,4R070
405031120,4R070
406021143,4R070
405021118,4R080
405021116,4R080
405021117,4R080
406011137,4R110
406011136,4R110
406011134,4R110
406011133,4R110
406011132,4R110
406011131,4R110
406011130,4R110
406011129,4R110
405041124,4R120
405041128,4R120
405021119,4R120
402011027,4R120
405041127,4R120
405041126,4R120
405041125,4R120
405011113,4R120
407011145,4R130
401021010,4R140
401021005,4R140
401021004,4R140
401021003,4R140
401021006,4R140
401021007,4R140
401021008,4R140
401021009,4R140
506011112,5R120
506011114,5R120
506011115,5R120
506011116,5R120
506011117,5R120
504031069,5R120
504031298,5R120
506011307,5R120
506011308,5R120
506021118,5R120
504031299,5R120
504031300,5R120
506021119,5R120
506021120,5R120
505011070,5R120
505011071,5R120
506021121,5R120
506021123,5R120
506021309,5R120
505011072,5R120
505011073,5R120
506021310,5R120
506021311,5R120
506031124,5R120
506031125,5R120
506031126,5R120
506031127,5R120
506031128,5R120
505011074,5R120
505011075,5R120
505011076,5R120
506031129,5R120
506031130,5R120
506031131,5R120
506041132,5R120
505011077,5R120
505011078,5R120
505011079,5R120
505011080,5R120
507011163,5R120
507011259,5R120
507011260,5R120
507021164,5R120
507021165,5R120
507021166,5R120
507021167,5R120
506061142,5R120
507031169,5R120
507031170,5R120
507031172,5R120
507031173,5R120
507031174,5R120
507031261,5R120
507041175,5R120
507041176,5R120
507041177,5R120
507041178,5R120
507041179,5R120
507041180,5R120
507041181,5R120
507041182,5R120
507041183,5R120
507041184,5R120
507051186,5R120
507051187,5R120
507051188,5R120
507051189,5R120
507051190,5R120
507051191,5R120
507051192,5R120
507051193,5R120
507051312,5R120
507051313,5R120
503021296,5R120
507051314,5R120
509021236,5R120
509021243,5R120
509021244,5R120
509021245,5R120
509031246,5R120
509031248,5R120
501021016,5R120
506041133,5R120
506041134,5R120
506041135,5R120
506041136,5R120
506041137,5R120
506051139,5R120
506051140,5R120
506051141,5R120
505011081,5R120
505011082,5R120
505021090,5R120
505021091,5R120
506061143,5R120
506061144,5R120
506071145,5R120
506071146,5R120
506071147,5R120
507011148,5R120
507011150,5R120
507011151,5R120
507011152,5R120
505011083,5R120
505021084,5R120
505021085,5R120
505021092,5R120
505021093,5R120
505021094,5R120
505021095,5R120
505021096,5R120
507011153,5R120
507011154,5R120
507011155,5R120
507011158,5R120
507011159,5R120
505021087,5R120
505021088,5R120
505021089,5R120
505021097,5R120
505021301,5R120
507011160,5R120
507011161,5R120
505021302,5R120
505031098,5R120
505031099,5R120
505031100,5R120
502011021,5R120
502011022,5R120
502011023,5R120
502011024,5R120
502011025,5R120
502011026,5R120
502011027,5R120
502011028,5R120
502011029,5R120
503011030,5R120
503011031,5R120
503011032,5R120
503011033,5R120
503011034,5R120
503011035,5R120
503011036,5R120
503021037,5R120
505031101,5R120
505031102,5R120
505031104,5R120
505031105,5R120
505031106,5R120
503021038,5R120
503021039,5R120
503021040,5R120
503021042,5R120
503021043,5R120
503021295,5R120
505031107,5R120
505031255,5R120
505031256,5R120
505031257,5R120
505031258,5R120
503021297,5R120
504011044,5R120
504011045,5R120
504011046,5R120
504011047,5R120
504011048,5R120
504021049,5R120
504021050,5R120
504021051,5R120
504021052,5R120
504021053,5R120
504021054,5R120
505031303,5R120
505031304,5R120
504031055,5R120
504031056,5R120
504031057,5R120
504031058,5R120
504031060,5R120
504031061,5R120
504031062,5R120
504031063,5R120
505031305,5R120
505031306,5R120
506011110,5R120
506011111,5R120
504031064,5R120
504031065,5R120
504031066,5R120
504031067,5R120
504031068,5R120
506051138,5R120
509031247,5R130
509021241,5R130
509021242,5R130
511031282,5R130
511031283,5R130
511031284,5R130
511011275,5R130
509021240,5R130
509021237,5R130
509021238,5R130
511011274,5R130
511041290,5R130
509031250,5R130
511031278,5R130
511031281,5R130
509031249,5R130
511031279,5R130
511031280,5R130
501021010,5R140
501021009,5R140
501021008,5R140
509011226,5R140
509011227,5R140
501021251,5R140
501021252,5R140
501021005,5R140
501021007,5R140
501031017,5R140
509011235,5R140
501031018,5R140
509011228,5R140
501021253,5R140
509011229,5R140
509011225,5R140
509011230,5R140
501011001,5R140
501021254,5R140
509011231,5R140
501011294,5R140
501031020,5R140
509011234,5R140
509011233,5R140
509011232,5R140
501021015,5R140
501031019,5R140
501021012,5R140
501021011,5R140
501011293,5R140
501011004,5R140
501011003,5R140
501021014,5R140
510021267,5R160
510021268,5R160
510021269,5R160
510021270,5R160
510011262,5R160
510011266,5R160
510011263,5R160
510031271,5R160
510031272,5R160
510031273,5R160
510011264,5R160
510011265,5R160
511021276,5R170
511041285,5R170
511041286,5R170
511041287,5R170
511041288,5R170
511041289,5R170
511041291,5R170
509021239,5R170
511041292,5R170
511021277,5R170
602031064,6R030
603031074,6R030
604021092,6R060
604011075,6R060
604021091,6R060
604021090,6R060
604031094,6R060
604031096,6R060
604031093,6R060
604011076,6R060
604011077,6R060
604011078,6R060
604011079,6R060
604031095,6R060
604011080,6R060
604011081,6R060
604011082,6R060
604011083,6R060
604011084,6R060
604021085,6R060
604021086,6R060
604021087,6R060
604021088,6R060
604021089,6R060
604031098,6R080
604031097,6R080
601031021,6R100
601031020,6R100
601041025,6R100
601041026,6R100
603031073,6R100
603021072,6R100
603021071,6R100
603021070,6R100
603021069,6R100
601051027,6R100
601051028,6R100
601051029,6R100
601031019,6R100
601031018,6R100
601051030,6R100
601051031,6R100
601051032,6R100
601051033,6R100
603011068,6R100
603011067,6R100
603011066,6R100
603011065,6R100
601031017,6R100
601061035,6R100
601011001,6R100
601011002,6R100
601011003,6R100
601021004,6R100
601021005,6R100
601031016,6R100
601031015,6R100
601021006,6R100
601061034,6R100
601021007,6R100
601021008,6R100
601021009,6R100
601021010,6R100
601021011,6R100
601021012,6R100
601031013,6R100
601031014,6R100
601041024,6R100
601041023,6R100
601041022,6R100
602011050,6R110
602011038,6R110
602011036,6R110
602011039,6R110
602011049,6R110
602021057,6R110
602021054,6R110
602021053,6R110
602011044,6R110
602011045,6R110
602011052,6R110
602011051,6R110
602011048,6R110
602011046,6R110
602031062,6R110
602031061,6R110
602031060,6R110
602031059,6R110
602031058,6R110
602011047,6R110
602011040,6R110
602011041,6R110
602011042,6R110
602031100,6R110
602031099,6R110
602011037,6R110
602021055,6R110
602021056,6R110
602011043,6R110
701031034,7R010
701031033,7R010
701021012,7R010
701021013,7R010
701021014,7R010
701031031,7R010
701021030,7R010
701041041,7R010
701041042,7R010
701041043,7R010
701041044,7R010
701021029,7R010
701021028,7R010
701021027,7R010
701021026,7R010
701021015,7R010
701021025,7R010
701021024,7R010
701021023,7R010
701021022,7R010
701021021,7R010
701021020,7R010
701021019,7R010
701041040,7R010
701031032,7R010
701021018,7R010
701021017,7R010
701011002,7R010
701011003,7R010
701011004,7R010
701011005,7R010
701041039,7R010
701041038,7R010
701011001,7R010
701021016,7R010
701011006,7R010
701011007,7R010
701011008,7R010
701011009,7R010
701021010,7R010
701021011,7R010
701041037,7R010
701041036,7R010
701031035,7R010
702021056,7R050
702021055,7R050
702011045,7R070
702011046,7R070
702011049,7R070
702011048,7R070
702011047,7R070
702011051,7R070
702031061,7R100
702031060,7R100
702031057,7R100
702041064,7R100
702041063,7R100
702041062,7R100
702031059,7R110
702031058,7R110
702051065,7R110
702051067,7R110
702051066,7R110
702051068,7R110
702011054,7R140
702011053,7R140
702011052,7R140
702011050,7R150
801051126,8R990
801051125,8R990
801051124,8R990
801041116,8R990
801041117,8R990
801041038,8R990
801041037,8R990
801051123,8R990
801041047,8R990
801041048,8R990
801051061,8R990
801051060,8R990
801051058,8R990
801051057,8R990
801051051,8R990
801041118,8R990
801061067,8R990
801061066,8R990
801051053,8R990
801051054,8R990
801051055,8R990
801051050,8R990
801051049,8R990
801041122,8R990
801011144,8R990
801011143,8R990
801011142,8R990
801011111,8R990
801011026,8R990
801011014,8R990
801011013,8R990
801051056,8R990
801061064,8R990
801041044,8R990
801041121,8R990
801041120,8R990
801041119,8R990
801011012,8R990
801011011,8R990
801071071,8R990
801061131,8R990
801061130,8R990
801071082,8R990
801071081,8R990
801071080,8R990
801011025,8R990
801011024,8R990
801011023,8R990
801011022,8R990
801011021,8R990
801011020,8R990
801011010,8R990
801041043,8R990
801071079,8R990
801041036,8R990
801041035,8R990
801011009,8R990
801011008,8R990
801011007,8R990
801011006,8R990
801011005,8R990
801011004,8R990
801011003,8R990
801061129,8R990
801061070,8R990
801061069,8R990
801061068,8R990
801041045,8R990
801041046,8R990
801011002,8R990
801011001,8R990
801061062,8R990
801041040,8R990
801071083,8R990
801071084,8R990
801071085,8R990
801071086,8R990
801071087,8R990
801071088,8R990
801071089,8R990
801071090,8R990
801071132,8R990
801081091,8R990
801081092,8R990
801081093,8R990
801081094,8R990
801081095,8R990
801081096,8R990
801081097,8R990
801081098,8R990
801081133,8R990
801091099,8R990
801091100,8R990
801091101,8R990
801091102,8R990
801091103,8R990
801091104,8R990
801091105,8R990
801091106,8R990
801091107,8R990
801091108,8R990
801091109,8R990
801091110,8R990
801101134,8R990
801101135,8R990
801101136,8R990
801101137,8R990
801101139,8R990
801101145,8R990
801101146,8R990
801111140,8R990
801111141,8R990
801041039,8R990
801011019,8R990
801011018,8R990
801011017,8R990
801071078,8R990
801071077,8R990
801071076,8R990
801041034,8R990
801031115,8R990
801031114,8R990
801061063,8R990
801051128,8R990
801051127,8R990
801011016,8R990
801011015,8R990
801071075,8R990
801071074,8R990
801071073,8R990
801071072,8R990
801031113,8R990
801031032,8R990
801031031,8R990
ZZZZZZZZZ,
299999499,
699999499,
697979799,
399999499,
901021002,
901031003,
901041004,
897979799,
297979799,
197979799,
797979799,
997979799,
397979799,
497979799,
901011001,
599999499,
597979799,
899999499,
199999499,
799999499,
999999499,
499999499,
