id,line_order,point_order,lon,lat
10545000000,0,0,151.76118731967824,-32.921806242281434
10545000000,0,1,151.7611151896888,-32.9218011622745
10545000000,0,2,151.76065977976086,-32.92172951223047
10545000000,0,3,151.7606251797784,-32.92163412222648
10545000000,0,4,151.76047183979415,-32.921673622212126
10545000000,0,5,151.76032894981017,-32.92170009219866
10545000000,0,6,151.7602270398605,-32.92142927218698
10545000000,0,7,151.76011494991485,-32.9211388921742
10545000000,0,8,151.76026849989725,-32.921113362188684
10545000000,0,9,151.76078146984472,-32.92098107223674
10545000000,0,10,151.76087662983258,-32.92097419224579
10545000000,0,11,151.76115460969217,-32.9217361822778
10545000000,0,12,151.76118731967824,-32.921806242281434
10545010000,0,0,151.77610128703444,-32.92626767373881
10545010000,0,1,151.77610230704332,-32.92620053373844
10545010000,0,2,151.77616815709268,-32.92576646374162
10545010000,0,3,151.77670495702785,-32.92570112379246
10545010000,0,4,151.77678416701687,-32.925702103800035
10545010000,0,5,151.7767873769612,-32.92611288380329
10545010000,0,6,151.77678558694697,-32.926220693803906
10545010000,0,7,151.77610128703444,-32.92626767373881
10545020000,0,0,151.78448887572713,-32.927439684549256
10545020000,0,1,151.78438558574456,-32.9274155445392
10545020000,0,2,151.78392476582323,-32.9273000644943
10545020000,0,3,151.7840399658507,-32.926978404503004
10545020000,0,4,151.78407887585738,-32.92688923450609
10545020000,0,5,151.7846386357621,-32.927027094560614
10545020000,0,6,151.78448887572713,-32.927439684549256
10545030000,0,0,151.76563082836043,-32.92708141274383
10545030000,0,1,151.7660349182937,-32.92716582278305
10545030000,0,2,151.76600538828234,-32.92728045278105
10545030000,0,3,151.76587577824063,-32.927723152771826
10545030000,0,4,151.76569217827097,-32.927684642753995
10545030000,0,5,151.76561768824638,-32.92794356274874
10545030000,0,6,151.76555723823176,-32.92811404274419
10545030000,0,7,151.76531549826865,-32.928086162720895
10545030000,0,8,151.7653721482838,-32.92791548272508
10545030000,0,9,151.76558957835107,-32.92719341274069
10545030000,0,10,151.76563082836043,-32.92708141274383
10545040000,0,0,151.76956953765077,-32.9283442931293
10545040000,0,1,151.7695574976708,-32.92820735312718
10545040000,0,2,151.76953668769636,-32.92803841312397
10545040000,0,3,151.7694858877495,-32.92769472311665
10545040000,0,4,151.76970188772273,-32.92767374313714
10545040000,0,5,151.76970436772007,-32.927691113137506
10545040000,0,6,151.76991176769414,-32.9276723031572
10545040000,0,7,151.76993012768273,-32.927738553159436
10545040000,0,8,151.76993877767518,-32.927785793160595
10545040000,0,9,151.77001038759434,-32.928314453171225
10545040000,0,10,151.76977495762497,-32.92832661314882
10545040000,0,11,151.76956953765077,-32.9283442931293
10545050000,0,0,151.73867364669016,-32.89254306992163
10545050000,0,1,151.7386464966876,-32.89259002991937
10545050000,0,2,151.73834481654907,-32.893931039900174
10545050000,0,3,151.7385870365112,-32.89396612992355
10545050000,0,4,151.73871058649215,-32.89398233993546
10545050000,0,5,151.73921311641365,-32.894054239983944
10545050000,0,6,151.73913427637692,-32.894408669978965
10545050000,0,7,151.73910799636587,-32.894517839977254
10545050000,0,8,151.73907828635902,-32.894599179974996
10545050000,0,9,151.7372856666411,-32.89432620980192
10545050000,0,10,151.73708589666933,-32.8943198297828
10545050000,0,11,151.73741348682032,-32.892859309803605
10545050000,0,12,151.73750601686228,-32.892452049809506
10545050000,0,13,151.7375251068706,-32.89237042981075
10545050000,0,14,151.73867364669016,-32.89254306992163
10545060000,0,0,151.71888788082188,-32.88192835795761
10545060000,0,1,151.71966584069563,-32.88207586803288
10545060000,0,2,151.72071485052282,-32.8822938081345
10545060000,0,3,151.72095502048327,-32.88234370815776
10545060000,0,4,151.72118975044364,-32.882399498180554
10545060000,0,5,151.72153172038267,-32.88250507821393
10545060000,0,6,151.7207184603086,-32.88388900814627
10545060000,0,7,151.72018608040665,-32.88370143809414
10545060000,0,8,151.72008742042294,-32.88368038808459
10545060000,0,9,151.7200150704331,-32.88367840807767
10545060000,0,10,151.71937391051495,-32.88372285801683
10545060000,0,11,151.7193495005498,-32.88348735801282
10545060000,0,12,151.71931522059978,-32.88314930800713
10545060000,0,13,151.71927744063774,-32.882904778001766
10545060000,0,14,151.71921047068105,-32.88264980799355
10545060000,0,15,151.71919714068684,-32.882620097992074
10545060000,0,16,151.71915320071764,-32.88243533798656
10545060000,0,17,151.71898617078628,-32.882093507968165
10545060000,0,18,151.71888788082188,-32.88192835795761
10545070000,0,0,151.71741798956066,-32.892844287895656
10545070000,0,1,151.717541499604,-32.89239464790423
10545070000,0,2,151.71799910956466,-32.89222022794663
10545070000,0,3,151.71818623954883,-32.89214722796394
10545070000,0,4,151.71884111949282,-32.89189593802461
10545070000,0,5,151.71920035939408,-32.89226575806152
10545070000,0,6,151.71862638941556,-32.892692068009836
10545070000,0,7,151.7183512893861,-32.89319319798717
10545070000,0,8,151.71779422948958,-32.892990247932595
10545070000,0,9,151.71741798956066,-32.892844287895656
10545090000,0,0,151.7133343711963,-32.88480893744864
10545090000,0,1,151.71322115120918,-32.884828697437975
10545090000,0,2,151.71315993119927,-32.88496522743312
10545090000,0,3,151.71303861117772,-32.8852502574236
10545090000,0,4,151.71301700117198,-32.88531541742201
10545090000,0,5,151.7130026211651,-32.885381297421105
10545090000,0,6,151.71299722115563,-32.88545734742113
10545090000,0,7,151.71300047114482,-32.885534657422
10545090000,0,8,151.71301054113303,-32.88561241742352
10545090000,0,9,151.7130408011083,-32.885766407427504
10545090000,0,10,151.71308004108494,-32.88590023743221
10545090000,0,11,151.71313438105994,-32.88603173743832
10545090000,0,12,151.7131981110338,-32.886161777445345
10545090000,0,13,151.71326506100726,-32.88629110745266
10545090000,0,14,151.7133298409811,-32.886420437459755
10545090000,0,15,151.71341335094556,-32.88660025746901
10545090000,0,16,151.71344288093357,-32.88665956747226
10545090000,0,17,151.71347457092145,-32.88671788747569
10545090000,0,18,151.71350913090893,-32.886776117479414
10545090000,0,19,151.71355811089194,-32.88685252748463
10545090000,0,20,151.7125680909398,-32.88750755739492
10545090000,0,21,151.71243526094528,-32.88760230738293
10545090000,0,22,151.71224119096124,-32.887681697365
10545090000,0,23,151.7118326110018,-32.88779654732684
10545090000,0,24,151.71180779100413,-32.88780444732454
10545090000,0,25,151.71193697104442,-32.88737137733376
10545090000,0,26,151.71196726105342,-32.887273457335944
10545090000,0,27,151.71153415139403,-32.8851730372796
10545090000,0,28,151.71145776144854,-32.884844257269954
10545090000,0,29,151.71273482130275,-32.88462726739016
10545090000,0,30,151.7133343711963,-32.88480893744864
10545100000,0,0,151.7347271965891,-32.89732709957923
10545100000,0,1,151.735067486582,-32.89703220960959
10545100000,0,2,151.73514909656225,-32.89709612961784
10545100000,0,3,151.73553213646778,-32.89740952965665
10545100000,0,4,151.73555519646717,-32.89739043965871
10545100000,0,5,151.73594607637105,-32.89770813969829
10545100000,0,6,151.73602473635253,-32.89776593970621
10545100000,0,7,151.73566133636018,-32.89807984967378
10545100000,0,8,151.73488735655098,-32.89744767959537
10545100000,0,9,151.7347271965891,-32.89732709957923
10545120000,0,0,151.7387988047539,-32.90685106003613
10545120000,0,1,151.7387191647061,-32.90728848003165
10545120000,0,2,151.73864806470763,-32.907349990025295
10545120000,0,3,151.7383879947693,-32.907155999999084
10545120000,0,4,151.73844785477053,-32.9070856600043
10545120000,0,5,151.7385904247757,-32.906901460016584
10545120000,0,6,151.73860418478293,-32.90683369001741
10545120000,0,7,151.73804030491647,-32.906413849960586
10545120000,0,8,151.73854604493596,-32.90575216000411
10545120000,0,9,151.73872496494224,-32.90552258001954
10545120000,0,10,151.7389010049071,-32.90560485003694
10545120000,0,11,151.73901948488304,-32.90566307004867
10545120000,0,12,151.73899353486962,-32.905789610047094
10545120000,0,13,151.7387988047539,-32.90685106003613
10545130000,0,0,151.7445198892674,-32.94188348083326
10545130000,0,1,151.74565962914554,-32.941626680940246
10545130000,0,2,151.74571580912624,-32.94171284094623
10545130000,0,3,151.7457957090843,-32.941943510955525
10545130000,0,4,151.74583070907784,-32.94195566095895
10545130000,0,5,151.74569565905887,-32.94223485094805
10545130000,0,6,151.74560528907546,-32.942203700939196
10545130000,0,7,151.7456596690332,-32.94246308094623
10545130000,0,8,151.74573898901198,-32.942539670954375
10545130000,0,9,151.74515790908023,-32.942625290899485
10545130000,0,10,151.74513439909492,-32.94253993089663
10545130000,0,11,151.74506847914634,-32.94222430088809
10545130000,0,12,151.74472617918642,-32.94227561085575
10545130000,0,13,151.74456849924934,-32.94196799083851
10545130000,0,14,151.7445198892674,-32.94188348083326
10545150000,0,0,151.76285842733589,-32.93753526255377
10545150000,0,1,151.76217390732876,-32.93828689249376
10545150000,0,2,151.762164567265,-32.938771192496326
10545150000,0,3,151.76123326739508,-32.93875358240721
10545150000,0,4,151.76124049740562,-32.938667772407285
10545150000,0,5,151.7612494374531,-32.93830526240555
10545150000,0,6,151.7612246874593,-32.93828436240304
10545150000,0,7,151.76121826747533,-32.93817173240162
10545150000,0,8,151.76097221753102,-32.93800827237694
10545150000,0,9,151.76089133755113,-32.93794133236873
10545150000,0,10,151.7612825775547,-32.93751524240306
10545150000,0,11,151.76146460755677,-32.93731411241901
10545150000,0,12,151.76186037756125,-32.936876952453694
10545150000,0,13,151.76285842733589,-32.93753526255377
10545160000,0,0,151.77176359645307,-32.93501693338681
10545160000,0,1,151.77115484665742,-32.93411757332218
10545160000,0,2,151.77188491666487,-32.93331746338624
10545160000,0,3,151.77192524666668,-32.933263023389706
10545160000,0,4,151.77198142667262,-32.933161673394345
10545160000,0,5,151.7724479666028,-32.93320496343926
10545160000,0,6,151.77318603647205,-32.93342467351139
10545160000,0,7,151.77314639646573,-32.93351223350822
10545160000,0,8,151.77281946640625,-32.93428823348254
10545160000,0,9,151.77327147632602,-32.934424133526704
10545160000,0,10,151.7737715262373,-32.93457387357559
10545160000,0,11,151.77379039622645,-32.93463522357783
10545160000,0,12,151.7738504061931,-32.9348222135849
10545160000,0,13,151.77397611615996,-32.934940323597765
10545160000,0,14,151.7733494061486,-32.935664223543036
10545160000,0,15,151.7731377461975,-32.93551633352174
10545160000,0,16,151.77277544621484,-32.93575735348883
10545160000,0,17,151.77271759621647,-32.93580395348365
10545160000,0,18,151.77202098636667,-32.935397083414145
10545160000,0,19,151.77176359645307,-32.93501693338681
10545170000,0,0,151.76062050902107,-32.927276842266465
10545170000,0,1,151.7581754794347,-32.92669337202868
10545170000,0,2,151.75824417943534,-32.92661804203471
10545170000,0,3,151.75836046943556,-32.926497972044956
10545170000,0,4,151.7588493094457,-32.92592333208755
10545170000,0,5,151.76052367906524,-32.92704689225556
10545170000,0,6,151.76062050902107,-32.927276842266465
10545180000,0,0,151.76885946816643,-32.92523135303913
10545180000,0,1,151.7685919981937,-32.92530115301407
10545180000,0,2,151.76843252821072,-32.925337152999084
10545180000,0,3,151.76823247823287,-32.92537635298026
10545180000,0,4,151.76770146829588,-32.92544936293002
10545180000,0,5,151.76756816831264,-32.925460642917365
10545180000,0,6,151.76727547835068,-32.9254759428895
10545180000,0,7,151.76686722840674,-32.92547550285048
10545180000,0,8,151.7666638484359,-32.92546576283098
10545180000,0,9,151.7663592584812,-32.92543940280168
10545180000,0,10,151.76625847849664,-32.925427432791956
10545180000,0,11,151.76615766851225,-32.92541402278223
10545180000,0,12,151.76603487853157,-32.92539539277036
10545180000,0,13,151.765957168544,-32.92538235276284
10545180000,0,14,151.76603947856188,-32.92516536276915
10545180000,0,15,151.76882946820788,-32.92495335303427
10545180000,0,16,151.76885946816643,-32.92523135303913
10545190000,0,0,151.7621031490818,-32.92531164239404
10545190000,0,1,151.76215361909044,-32.92519582239803
10545190000,0,2,151.76238027908002,-32.9250423824186
10545190000,0,3,151.7625346790747,-32.924924302432515
10545190000,0,4,151.76291859905646,-32.92466831246737
10545190000,0,5,151.7633986290383,-32.92431358251069
10545190000,0,6,151.76351455900473,-32.92444534252271
10545190000,0,7,151.76472278875488,-32.92507217264266
10545190000,0,8,151.76468583875237,-32.925128432639525
10545190000,0,9,151.76464111875137,-32.925181712635634
10545190000,0,10,151.76458180874548,-32.92528589263071
10545190000,0,11,151.7645307987291,-32.925459682627086
10545190000,0,12,151.76445357870307,-32.925732442621666
10545190000,0,13,151.7643662686747,-32.92603291261546
10545190000,0,14,151.7643407686629,-32.92614653261384
10545190000,0,15,151.76423685868124,-32.9261160826037
10545190000,0,16,151.76413300869956,-32.92608568259356
10545190000,0,17,151.76392711873638,-32.926021622573415
10545190000,0,18,151.76373453877127,-32.92595851255457
10545190000,0,19,151.7635433588063,-32.92589273253584
10545190000,0,20,151.76335329884154,-32.92582452251719
10545190000,0,21,151.76316462887695,-32.92575368249864
10545190000,0,22,151.76297745891242,-32.925680422480234
10545190000,0,23,151.76237786902814,-32.92543056242114
10545190000,0,24,151.76229848904367,-32.92539635241332
10545190000,0,25,151.7621051790814,-32.92531251239425
10545190000,0,26,151.7621031490818,-32.92531164239404
10545200000,0,0,151.7530222708589,-32.92134865149814
10545200000,0,1,151.75231172100607,-32.92097802142762
10545200000,0,2,151.7522365010222,-32.920934541420124
10545200000,0,3,151.75224405103452,-32.92083518142013
10545200000,0,4,151.75224584104143,-32.92078199141992
10545200000,0,5,151.75224332105046,-32.920717371419215
10545200000,0,6,151.7522390110563,-32.92067822141852
10545200000,0,7,151.75223252106235,-32.92063952141764
10545200000,0,8,151.75221631107402,-32.920569221415576
10545200000,0,9,151.75220551108018,-32.920534501414295
10545200000,0,10,151.7521925510865,-32.92050048141282
10545200000,0,11,151.75217671109306,-32.92046790141107
10545200000,0,12,151.75214214110514,-32.920413361407384
10545200000,0,13,151.75210039111772,-32.92036223140303
10545200000,0,14,151.75207699112408,-32.92033856140063
10545200000,0,15,151.75203743113423,-32.920303471396586
10545200000,0,16,151.75197694114942,-32.920251981390436
10545200000,0,17,151.75193157116038,-32.920216801385855
10545200000,0,18,151.75179080119332,-32.92011508137169
10545200000,0,19,151.7517472512042,-32.92007855136726
10545200000,0,20,151.75170765121467,-32.92004094136321
10545200000,0,21,151.75166947122517,-32.92000186135929
10545200000,0,22,151.7516327912356,-32.919961641355485
10545200000,0,23,151.75159822124584,-32.91992043135189
10545200000,0,24,151.7511892413711,-32.919405171309144
10545200000,0,25,151.75053654157523,-32.91855098124069
10545200000,0,26,151.75061144156484,-32.918551891247844
10545200000,0,27,151.75068021155602,-32.91854765125439
10545200000,0,28,151.7507586815462,-32.918540551261835
10545200000,0,29,151.75082347153864,-32.91853082126795
10545200000,0,30,151.7524888613693,-32.918091631423856
10545200000,0,31,151.75340687127598,-32.917849611509794
10545200000,0,32,151.7557655709069,-32.91819081173756
10545200000,0,33,151.75616295084467,-32.91824873177593
10545200000,0,34,151.75614568083438,-32.918342991774956
10545200000,0,35,151.75591927072054,-32.919421821761055
10545200000,0,36,151.75574269062935,-32.92028118175035
10545200000,0,37,151.75564071063474,-32.920345191741056
10545200000,0,38,151.75526808066206,-32.920522071706735
10545200000,0,39,151.75472806070272,-32.92077037165693
10545200000,0,40,151.75328368085036,-32.92114540152165
10545200000,0,41,151.7530222708589,-32.92134865149814
10545220000,0,0,151.75450377291236,-32.90454117151921
10545220000,0,1,151.754595782954,-32.904137151525106
10545220000,0,2,151.7546430129726,-32.90395032152828
10545220000,0,3,151.75487311293497,-32.90399590155058
10545220000,0,4,151.75564217281212,-32.90412605162499
10545220000,0,5,151.75557176279827,-32.90430115161951
10545220000,0,6,151.75540572273795,-32.90492016160809
10545220000,0,7,151.75536228273296,-32.90500151160453
10545220000,0,8,151.75466397284396,-32.904887091536985
10545220000,0,9,151.75448541286923,-32.90488124151991
10545220000,0,10,151.75445157287427,-32.90487817151664
10545220000,0,11,151.7544425628847,-32.90480968151529
10545220000,0,12,151.75450377291236,-32.90454117151921
10545240000,0,0,151.74147852571892,-32.896920930220766
10545240000,0,1,151.74164832579564,-32.89617544023163
10545240000,0,2,151.74175399577834,-32.89619669024187
10545240000,0,3,151.74215428571495,-32.89626059028055
10545240000,0,4,151.7421957157311,-32.89609796028335
10545240000,0,5,151.74277898563886,-32.896189980339685
10545240000,0,6,151.74326527556198,-32.89626662038666
10545240000,0,7,151.74317709552005,-32.89666902038112
10545240000,0,8,151.7430698154704,-32.89714904037432
10545240000,0,9,151.7415840857014,-32.896943590231004
10545240000,0,10,151.74147852571892,-32.896920930220766
10545250000,0,0,151.7433725135116,-32.91143945050563
10545250000,0,1,151.7434495635088,-32.91138140051257
10545250000,0,2,151.74387968353653,-32.91073553054902
10545250000,0,3,151.7442614334564,-32.91094301058695
10545250000,0,4,151.7440684934654,-32.911072780569455
10545250000,0,5,151.7442206934254,-32.91121544058501
10545250000,0,6,151.74471250329754,-32.9116660806352
10545250000,0,7,151.74478907327924,-32.91172419064293
10545250000,0,8,151.74416386330319,-32.91218412058653
10545250000,0,9,151.7433725135116,-32.91143945050563
10545260000,0,0,151.75085566298986,-32.90768695119332
10545260000,0,1,151.7514891228901,-32.90778374125451
10545260000,0,2,151.75159749287388,-32.907793831264925
10545260000,0,3,151.752015012821,-32.907761801304574
10545260000,0,4,151.75199348281413,-32.90783477130305
10545260000,0,5,151.75185847275384,-32.908422031294364
10545260000,0,6,151.75185788274527,-32.90848617129477
10545260000,0,7,151.75161585277564,-32.90850717127179
10545260000,0,8,151.7514214528009,-32.9085174212533
10545260000,0,9,151.7506995929144,-32.908408541183576
10545260000,0,10,151.75070539292213,-32.90834507118368
10545260000,0,11,151.75082887298385,-32.907758991191265
10545260000,0,12,151.75085566298986,-32.90768695119332
10545270000,0,0,151.7535636670486,-32.94916290174907
10545270000,0,1,151.75304215717784,-32.948733831696174
10545270000,0,2,151.75345869716864,-32.94837707173342
10545270000,0,3,151.75387986715873,-32.94802022177108
10545270000,0,4,151.75443338702163,-32.94847544182722
10545270000,0,5,151.75435976702218,-32.94854690182069
10545270000,0,6,151.7540173670297,-32.94884048179011
10545270000,0,7,151.75400517703275,-32.94883014178885
10545270000,0,8,151.75366028704096,-32.949121201758
10545270000,0,9,151.7535636670486,-32.94916290174907
10545280000,0,0,151.75818464776427,-32.93911803211855
10545280000,0,1,151.75830428774486,-32.93914047213015
10545280000,0,2,151.75889248765236,-32.93922821218697
10545280000,0,3,151.75970939752492,-32.939342602265825
10545280000,0,4,151.76005603747106,-32.93938985229929
10545280000,0,5,151.75994587747144,-32.939499642289555
10545280000,0,6,151.75966471746935,-32.939802042264866
10545280000,0,7,151.75957653746744,-32.93990637225718
10545280000,0,8,151.75938246745733,-32.9401795922406
10545280000,0,9,151.7592186874424,-32.94045805222693
10545280000,0,10,151.75911305743094,-32.94065108221824
10545280000,0,11,151.75899008744648,-32.940660922206554
10545280000,0,12,151.7584294875088,-32.940769352153765
10545280000,0,13,151.75732849763082,-32.94098536205015
10545280000,0,14,151.75722428764297,-32.9410015620403
10545280000,0,15,151.75726389765373,-32.940880962043224
10545280000,0,16,151.75748384767837,-32.9404728220613
10545280000,0,17,151.75755618768684,-32.940335842067235
10545280000,0,18,151.75759688769585,-32.94022730207035
10545280000,0,19,151.75764476770374,-32.94011958207416
10545280000,0,20,151.75769805772217,-32.939928332077876
10545280000,0,21,151.75780566776032,-32.939534392085335
10545280000,0,22,151.75781792776246,-32.93950586208629
10545280000,0,23,151.75783953776383,-32.93947356208813
10545280000,0,24,151.7578676077647,-32.93943854209056
10545280000,0,25,151.7579630177647,-32.93934108209898
10545280000,0,26,151.75804867776375,-32.93926079210659
10545280000,0,27,151.75810269776343,-32.93920805211137
10545280000,0,28,151.75818464776427,-32.93911803211855
10545290000,0,0,151.75938392777778,-32.93779333222364
10545290000,0,1,151.75836907800743,-32.93711988212187
10545290000,0,2,151.7585022680082,-32.93697830213358
10545290000,0,3,151.7590814880142,-32.93634236218437
10545290000,0,4,151.75917649799445,-32.9363923621938
10545290000,0,5,151.7596024878988,-32.93666936223646
10545290000,0,6,151.75966686789954,-32.93659833224211
10545290000,0,7,151.76009457780347,-32.93687660228497
10545290000,0,8,151.76017323778518,-32.9369322922929
10545290000,0,9,151.75978359778134,-32.93735875225871
10545290000,0,10,151.75964062777993,-32.93751524224617
10545290000,0,11,151.75938392777778,-32.93779333222364
10545300000,0,0,151.76275659757212,-32.9358813225322
10545300000,0,1,151.76183011780262,-32.93511133243815
10545300000,0,2,151.7624451378097,-32.934431052492045
10545300000,0,3,151.7625263877898,-32.93449647250028
10545300000,0,4,151.76337807759822,-32.935052672585655
10545300000,0,5,151.7634676875795,-32.93510062259456
10545300000,0,6,151.76308699757553,-32.93551898256118
10545300000,0,7,151.76275659757212,-32.9358813225322
10545310000,0,0,151.7654995002559,-32.91310593263114
10545310000,0,1,151.76501109033248,-32.91303408258395
10545310000,0,2,151.7647879005271,-32.91181267255387
10545310000,0,3,151.76551293044034,-32.911719362622485
10545310000,0,4,151.7657004702774,-32.912740762647736
10545310000,0,5,151.7657051802725,-32.912772712648405
10545310000,0,6,151.76542829031564,-32.91273392262167
10545310000,0,7,151.7654780002708,-32.913017062628455
10545310000,0,8,151.7654995002559,-32.91310593263114
10545320000,0,0,151.77747788621633,-32.93094992390396
10545320000,0,1,151.7772654962529,-32.930894133883264
10545320000,0,2,151.77641150639812,-32.930684823800114
10545320000,0,3,151.77645409640294,-32.930605583803626
10545320000,0,4,151.7765980864386,-32.930193383814434
10545320000,0,5,151.77675605647877,-32.92973331382624
10545320000,0,6,151.77680270648398,-32.92964738383009
10545320000,0,7,151.77739685638264,-32.92979539388795
10545320000,0,8,151.7774170363547,-32.929982433891226
10545320000,0,9,151.77747788621633,-32.93094992390396
10545330000,0,0,151.78398525745575,-32.91509598441264
10545330000,0,1,151.7836738374098,-32.91575532438759
10545330000,0,2,151.78301146754436,-32.9154293743219
10545330000,0,3,151.7830153775568,-32.91533267432158
10545330000,0,4,151.78308669759588,-32.914969604325805
10545330000,0,5,151.78307924760094,-32.91493902432487
10545330000,0,6,151.7831536375893,-32.91495016433206
10545330000,0,7,151.7834734875413,-32.91498135436287
10545330000,0,8,151.78398525745575,-32.91509598441264
10545340000,0,0,151.7478762451548,-32.89459526081496
10545340000,0,1,151.74788121516784,-32.89449281081469
10545340000,0,2,151.74799063518523,-32.894251530823404
10545340000,0,3,151.7480727251891,-32.894138940830445
10545340000,0,4,151.74811298519438,-32.89405839083371
10545340000,0,5,151.748370495143,-32.89417836085916
10545340000,0,6,151.74841951512678,-32.89424936086434
10545340000,0,7,151.74865749508766,-32.894298350887425
10545340000,0,8,151.74897150503864,-32.89434336091774
10545340000,0,9,151.74939899497141,-32.894407780959035
10545340000,0,10,151.74933482493228,-32.89476513095546
10545340000,0,11,151.74932088492537,-32.894830760954605
10545340000,0,12,151.7490418747955,-32.896083120936936
10545340000,0,13,151.74901676478785,-32.89616565093513
10545340000,0,14,151.74785380497067,-32.895990440822814
10545340000,0,15,151.74796870502664,-32.89545581082996
10545340000,0,16,151.7479672450675,-32.89515268082763
10545340000,0,17,151.7479003051152,-32.894865770819194
10545340000,0,18,151.7478715051422,-32.8946936108152
10545340000,0,19,151.7478762451548,-32.89459526081496
10545350000,0,0,151.74890539761,-32.949742781308316
10545350000,0,1,151.74883768762516,-32.949699081301546
10545350000,0,2,151.74845611771374,-32.94942917126316
10545350000,0,3,151.7482775577567,-32.949291821245126
10545350000,0,4,151.7479150778785,-32.94875578120668
10545350000,0,5,151.7478301078985,-32.94869366119812
10545350000,0,6,151.748604087904,-32.94786190126608
10545350000,0,7,151.74864080790374,-32.947826621269336
10545350000,0,8,151.74899507789607,-32.947521481300974
10545350000,0,9,151.7490752678766,-32.94758435130908
10545350000,0,10,151.749299737821,-32.94776918133183
10545350000,0,11,151.74963572773768,-32.94804618136592
10545350000,0,12,151.7500998976221,-32.948432521413004
10545350000,0,13,151.75017362760383,-32.94849303142048
10545350000,0,14,151.74984391760805,-32.948798281391184
10545350000,0,15,151.74890539761,-32.949742781308316
10545360000,0,0,151.74608375835282,-32.94709559101992
10545360000,0,1,151.74614675834795,-32.94706718102573
10545360000,0,2,151.74659979831083,-32.946881181067646
10545360000,0,3,151.74679529825363,-32.94710688108795
10545360000,0,4,151.74667947826094,-32.94717061107733
10545360000,0,5,151.74576675827467,-32.94800119099612
10545360000,0,6,151.74568777825968,-32.94819318098996
10545360000,0,7,151.74563375824994,-32.94832118098572
10545360000,0,8,151.74527375831408,-32.94821118095057
10545360000,0,9,151.74494645837288,-32.948108060918564
10545360000,0,10,151.74476610841114,-32.94800763090063
10545360000,0,11,151.7445139685053,-32.94756381087337
10545360000,0,12,151.74454349852368,-32.947397010874994
10545360000,0,13,151.74442947855343,-32.947291930863365
10545360000,0,14,151.7444363685928,-32.946991790861865
10545360000,0,15,151.74444027862663,-32.94673601086041
10545360000,0,16,151.74499375848913,-32.94719418091654
10545360000,0,17,151.74566327838778,-32.94726494098098
10545360000,0,18,151.74608375835282,-32.94709559101992
10545370000,0,0,151.76291731013185,-32.91666378240989
10545370000,0,1,151.7624677004087,-32.91506133235544
10545370000,0,2,151.76272831038,-32.91500912237997
10545370000,0,3,151.764610070171,-32.91464552255719
10545370000,0,4,151.7650316099079,-32.916174182608415
10545370000,0,5,151.76291731013185,-32.91666378240989
10545380000,0,0,151.71116769191906,-32.88162740721924
10545380000,0,1,151.71251710197652,-32.87981900733494
10545380000,0,2,151.71284461190842,-32.87999300736742
10545380000,0,3,151.71298138187564,-32.8800975873812
10545380000,0,4,151.71380471170428,-32.880535697462854
10545380000,0,5,151.71371108169467,-32.88070301745513
10545380000,0,6,151.71322257170561,-32.88112061741153
10545380000,0,7,151.71254246174388,-32.881530367349626
10545380000,0,8,151.71164219173966,-32.8824822172706
10545380000,0,9,151.71086547186675,-32.882327147195426
10545380000,0,10,151.71081269190395,-32.88210312718879
10545380000,0,11,151.71116769191906,-32.88162740721924
10545390000,0,0,151.73285624742968,-32.89296901936943
10545390000,0,1,151.73072216776376,-32.89265698916355
10545390000,0,2,151.73086903783954,-32.89194185917241
10545390000,0,3,151.73299665750625,-32.89225450937771
10545390000,0,4,151.7328850074454,-32.892822549371125
10545390000,0,5,151.73285624742968,-32.89296901936943
10545400000,0,0,151.73391678784543,-32.88878482944065
10545400000,0,1,151.73399215782874,-32.888832689448186
10545400000,0,2,151.73396697781587,-32.88895412944665
10545400000,0,3,151.7339351078158,-32.888987109443846
10545400000,0,4,151.73375085772182,-32.88987644943264
10545400000,0,5,151.73373198771316,-32.889960159431446
10545400000,0,6,151.73370979771664,-32.889956989429294
10545400000,0,7,151.73282309784895,-32.8898757193441
10545400000,0,8,151.73136547807684,-32.88966448920348
10545400000,0,9,151.73156096819247,-32.88860230921451
10545400000,0,10,151.73158191820391,-32.88849545921576
10545400000,0,11,151.73168659818688,-32.88851598922589
10545400000,0,12,151.7317174781784,-32.88854736922905
10545400000,0,13,151.73202499813019,-32.88859276925872
10545400000,0,14,151.73363040787805,-32.88883398941368
10545400000,0,15,151.73382316786135,-32.88876196943155
10545400000,0,16,151.73387645785297,-32.88876982943669
10545400000,0,17,151.73391678784543,-32.88878482944065
10545410000,0,0,151.74751719370565,-32.9057616408607
10545410000,0,1,151.74754811372313,-32.90559967086249
10545410000,0,2,151.7475658537332,-32.90550684086352
10545410000,0,3,151.74805221395354,-32.90336798089464
10545410000,0,4,151.74826606392037,-32.90339687091527
10545410000,0,5,151.74890036382212,-32.90348157097643
10545410000,0,6,151.74854284365952,-32.905058320953614
10545410000,0,7,151.74848864362497,-32.90537110095067
10545410000,0,8,151.7484507236277,-32.90538920094718
10545410000,0,9,151.74818073364844,-32.905510610922256
10545410000,0,10,151.74814861365107,-32.9055236709193
10545410000,0,11,151.74790606367105,-32.90562229089684
10545410000,0,12,151.74772678368674,-32.90568854088019
10545410000,0,13,151.74751719370565,-32.9057616408607
10545420000,0,0,151.76568141688463,-32.938012042826955
10545420000,0,1,151.76670990665394,-32.93867895293001
10545420000,0,2,151.76568319664372,-32.939802672839946
10545420000,0,3,151.76540094663787,-32.940134252815355
10545420000,0,4,151.76393470686628,-32.939931192673775
10545420000,0,5,151.7640698268677,-32.939782692685625
10545420000,0,6,151.76495060687697,-32.93881494276287
10545420000,0,7,151.76551329688303,-32.9381958228122
10545420000,0,8,151.76568141688463,-32.938012042826955
10545430000,0,0,151.75855158127627,-32.91259704196362
10545430000,0,1,151.75887055122482,-32.91265463199451
10545430000,0,2,151.7592593511665,-32.912692352031925
10545430000,0,3,151.75923055115862,-32.912780442029806
10545430000,0,4,151.7591445211113,-32.91322056202474
10545430000,0,5,151.75912470110802,-32.91326527202317
10545430000,0,6,151.75912401110162,-32.91331343202344
10545430000,0,7,151.75900736105908,-32.91374938201542
10545430000,0,8,151.75900305105176,-32.91380797201544
10545430000,0,9,151.75898323104695,-32.91386414201395
10545430000,0,10,151.75887453099182,-32.91438550200729
10545430000,0,11,151.75887055098568,-32.91443564200728
10545430000,0,12,151.75879321094342,-32.91482889200269
10545430000,0,13,151.75828049102495,-32.91474537195312
10545430000,0,14,151.75811960105062,-32.914717891937556
10545430000,0,15,151.7581332910598,-32.91463581193826
10545430000,0,16,151.75822147110995,-32.91417238194338
10545430000,0,17,151.7584209512234,-32.913124061954925
10545430000,0,18,151.75848661124996,-32.912859241959296
10545430000,0,19,151.75855158127627,-32.91259704196362
10545441000,0,0,151.7868141091967,-32.899260924569695
10545441000,0,1,151.78723637923477,-32.89854767460498
10545441000,0,2,151.78742358925288,-32.89822215462055
10545441000,0,3,151.78800130913905,-32.898480524677666
10545441000,0,4,151.78840036906314,-32.898638904716975
10545441000,0,5,151.7889582689544,-32.898879584772075
10545441000,0,6,151.78871345893327,-32.89928621475156
10545441000,0,7,151.78870517893174,-32.89930601475091
10545441000,0,8,151.78869509893053,-32.899325544750084
10545441000,0,9,151.78866882892916,-32.89936236474782
10545441000,0,10,151.78865334892907,-32.89937882474647
10545441000,0,11,151.78863571892944,-32.899394034744894
10545441000,0,12,151.78859538893136,-32.89942085474124
10545441000,0,13,151.7885511089344,-32.89944317473716
10545441000,0,14,151.7885017989386,-32.89946242473258
10545441000,0,15,151.78844529894425,-32.89947765472728
10545441000,0,16,151.7884225989468,-32.89948187472513
10545441000,0,17,151.7883768589523,-32.899487554720814
10545441000,0,18,151.78817059897904,-32.899498804701146
10545441000,0,19,151.78813351898333,-32.89950464469765
10545441000,0,20,151.78811551898517,-32.89950923469596
10545441000,0,21,151.78808131898816,-32.899522014692785
10545441000,0,22,151.78804926899022,-32.89953892468984
10545441000,0,23,151.78803452899095,-32.8995486546885
10545441000,0,24,151.78800897899166,-32.89956954468621
10545441000,0,25,151.78799743899168,-32.89958114468518
10545441000,0,26,151.78797729899108,-32.89960580468343
10545441000,0,27,151.78788188898974,-32.89971308467507
10545441000,0,28,151.7868141091967,-32.899260924569695
10545442000,0,0,151.78796645931698,-32.89719236466508
10545442000,0,1,151.78933268906226,-32.897696014799386
10545442000,0,2,151.78938235905323,-32.897712384804265
10545442000,0,3,151.78947776903652,-32.897739394813584
10545442000,0,4,151.7895817990164,-32.897783314823855
10545442000,0,5,151.78950693900316,-32.89795799481795
10545442000,0,6,151.7889582689544,-32.898879584772075
10545442000,0,7,151.78840036906314,-32.898638904716975
10545442000,0,8,151.78800130913905,-32.898480524677666
10545442000,0,9,151.78742358925288,-32.89822215462055
10545442000,0,10,151.7875315892642,-32.898027664629495
10545442000,0,11,151.78796645931698,-32.89719236466508
10545450000,0,0,151.7597995516842,-32.90828554205196
10545450000,0,1,151.75981101168816,-32.90824450205277
10545450000,0,2,151.76003877174597,-32.90758159206976
10545450000,0,3,151.76008166178445,-32.9072511620715
10545450000,0,4,151.76040308173884,-32.9072628221023
10545450000,0,5,151.76047681172827,-32.90726648210936
10545450000,0,6,151.76052232169437,-32.90747268211518
10545450000,0,7,151.76066646167504,-32.90746935212892
10545450000,0,8,151.761098481607,-32.90753536217068
10545450000,0,9,151.7616984615123,-32.90762836222868
10545450000,0,10,151.7616414915173,-32.90764938222338
10545450000,0,11,151.76147049154096,-32.90764740220703
10545450000,0,12,151.76123648156218,-32.907728392185255
10545450000,0,13,151.76107556157618,-32.90778833217029
10545450000,0,14,151.76085455160253,-32.90781739214939
10545450000,0,15,151.7607195316198,-32.907826402136564
10545450000,0,16,151.76055934163787,-32.90785537212147
10545450000,0,17,151.76043655164503,-32.90792738211026
10545450000,0,18,151.76037359163996,-32.90802935210497
10545450000,0,19,151.76035953162523,-32.90815337210451
10545450000,0,20,151.7603336216177,-32.90823635210263
10545450000,0,21,151.7602583916207,-32.908290352095825
10545450000,0,22,151.76009349164102,-32.908307372080195
10545450000,0,23,151.7597995516842,-32.90828554205196
10545460000,0,0,151.73027404826897,-32.88934621909705
10545460000,0,1,151.72910046854474,-32.888487608978906
10545460000,0,2,151.7292191685403,-32.8883992789896
10545460000,0,3,151.72968610853772,-32.887941969030884
10545460000,0,4,151.7309975883321,-32.88813636915742
10545460000,0,5,151.73072975819431,-32.88943741914118
10545460000,0,6,151.73070073818104,-32.88956623913935
10545460000,0,7,151.73054290820576,-32.88954290912411
10545460000,0,8,151.73027404826897,-32.88934621909705
10545470000,0,0,151.75622130757952,-32.94249773195521
10545470000,0,1,151.75639486757254,-32.94237245197089
10545470000,0,2,151.75649093754714,-32.94246334198072
10545470000,0,3,151.7572559773578,-32.94309136205828
10545470000,0,4,151.7568347672809,-32.944093782025234
10545470000,0,5,151.75600810748648,-32.94340795194135
10545470000,0,6,151.75557908759313,-32.94305203189782
10545470000,0,7,151.75622130757952,-32.94249773195521
10545480000,0,0,151.759732539805,-32.9223468921463
10545480000,0,1,151.76057228967298,-32.92247300222744
10545480000,0,2,151.76062882960827,-32.922897262235885
10545480000,0,3,151.76063203960456,-32.92292129223637
10545480000,0,4,151.76062988960356,-32.922931012236226
10545480000,0,5,151.7596125297626,-32.92278521213799
10545480000,0,6,151.75946706978533,-32.92276441212394
10545480000,0,7,151.75876002989665,-32.92265713205562
10545480000,0,8,151.75799430001706,-32.92254212198164
10545480000,0,9,151.75807891006505,-32.92209851198655
10545480000,0,10,151.759732539805,-32.9223468921463
10545490000,0,0,151.75960387706616,-32.94286457228097
10545490000,0,1,151.75961394708935,-32.94268161228062
10545490000,0,2,151.75967847714332,-32.94221435228345
10545490000,0,3,151.76098247699693,-32.94197235240631
10545490000,0,4,151.7618884468751,-32.94195413249274
10545490000,0,5,151.76188044682712,-32.94231934249459
10545490000,0,6,151.76186865675652,-32.942857102497314
10545490000,0,7,151.75980367703949,-32.94285908230003
10545490000,0,8,151.75960387706616,-32.94286457228097
10545500000,0,0,151.7604434089956,-32.92764729225219
10545500000,0,1,151.76076238899708,-32.927310682280265
10545500000,0,2,151.76129119891286,-32.927397982331414
10545500000,0,3,151.76263004869284,-32.927669432461286
10545500000,0,4,151.7625792786699,-32.927891892458035
10545500000,0,5,151.7604434089956,-32.92764729225219
10545510000,0,0,151.76445537759054,-32.93401041268112
10545510000,0,1,151.76345045781633,-32.93335572258041
10545510000,0,2,151.76502477783453,-32.93161385271837
10545510000,0,3,151.7651622778386,-32.931443022730285
10545510000,0,4,151.7655204877578,-32.93167856276621
10545510000,0,5,151.7661782176102,-32.93210606283212
10545510000,0,6,151.76559030760478,-32.93274605278052
10545510000,0,7,151.76503342759727,-32.93337020273178
10545510000,0,8,151.76445537759054,-32.93401041268112
10545520000,0,0,151.76551293044034,-32.911719362622485
10545520000,0,1,151.76513457076982,-32.909651782571515
10545520000,0,2,151.76585760068352,-32.909557082639935
10545520000,0,3,151.76608452048833,-32.91077869267036
10545520000,0,4,151.76624191035305,-32.911625492691485
10545520000,0,5,151.76551293044034,-32.911719362622485
10545530000,0,0,151.76755663646404,-32.93922786301486
10545530000,0,1,151.76940452648017,-32.93722229317712
10545530000,0,2,151.77021128629917,-32.937745553257976
10545530000,0,3,151.76836160628343,-32.93974985309554
10545530000,0,4,151.76755663646404,-32.93922786301486
10545540000,0,0,151.76830306763057,-32.92978661301859
10545540000,0,1,151.7677135876247,-32.93043161296686
10545540000,0,2,151.76719247774201,-32.93009036291461
10545540000,0,3,151.7667991878304,-32.9298338428752
10545540000,0,4,151.76664249786606,-32.929728202859465
10545540000,0,5,151.76665150786968,-32.92969220286007
10545540000,0,6,151.7666998378741,-32.929609912864095
10545540000,0,7,151.76676319788913,-32.929433522868884
10545540000,0,8,151.7681963776761,-32.929556633006754
10545540000,0,9,151.76827663766485,-32.92955852301443
10545540000,0,10,151.7684299776447,-32.92955195302904
10545540000,0,11,151.7685254176328,-32.92954331303809
10545540000,0,12,151.76830306763057,-32.92978661301859
10545560000,0,0,151.77880772614145,-32.9301505440254
10545560000,0,1,151.7777781363179,-32.92988810392507
10545560000,0,2,151.77808484639164,-32.92902663394822
10545560000,0,3,151.77814353640693,-32.928853003952604
10545560000,0,4,151.7788160162902,-32.9290358040182
10545560000,0,5,151.77917382622803,-32.92913309405312
10545560000,0,6,151.77895314617714,-32.929736644036346
10545560000,0,7,151.77880772614145,-32.9301505440254
10545570000,0,0,151.78085720578972,-32.93067668422514
10545570000,0,1,151.7804244956831,-32.931911134192596
10545570000,0,2,151.77940030585754,-32.93165805409285
10545570000,0,3,151.77983950596453,-32.930414334125935
10545570000,0,4,151.78085720578972,-32.93067668422514
10545580000,0,0,151.78145120822936,-32.911923474147564
10545580000,0,1,151.78046445838487,-32.91177201405213
10545580000,0,2,151.78025312841822,-32.911739414031686
10545580000,0,3,151.78063473860615,-32.909952114055365
10545580000,0,4,151.7811913985185,-32.91003710410921
10545580000,0,5,151.78184755841502,-32.91013796417268
10545580000,0,6,151.78145120822936,-32.911923474147564
10545590000,0,0,151.78198647606172,-32.927502364310385
10545590000,0,1,151.78186449603302,-32.927840374301134
10545590000,0,2,151.78172119599913,-32.92823840429028
10545590000,0,3,151.78127286607554,-32.92812727424663
10545590000,0,4,151.78116354609418,-32.92810017423597
10545590000,0,5,151.7813367061363,-32.92761012424902
10545590000,0,6,151.78150230617987,-32.92711735426132
10545590000,0,7,151.7820678660835,-32.927257404316414
10545590000,0,8,151.78201100606796,-32.92743100431222
10545590000,0,9,151.78198647606172,-32.927502364310385
10545600000,0,0,151.78347727548945,-32.93023847447255
10545600000,0,1,151.78234435568422,-32.9299450843621
10545600000,0,2,151.7823720556897,-32.929876134364264
10545600000,0,3,151.7825783557371,-32.92931336437995
10545600000,0,4,151.7828580958049,-32.92852380440106
10545600000,0,5,151.78365193566918,-32.9287237644784
10545600000,0,6,151.78399244561098,-32.92880955451158
10545600000,0,7,151.78358345551442,-32.9299443644806
10545600000,0,8,151.78347727548945,-32.93023847447255
10545610000,0,0,151.78937732503113,-32.9276327150182
10545610000,0,1,151.78823574522573,-32.92734910490697
10545610000,0,2,151.788419705271,-32.92682487492081
10545610000,0,3,151.78934494511304,-32.92705634501099
10545610000,0,4,151.78953595507897,-32.927115025029664
10545610000,0,5,151.789631105062,-32.92714427503898
10545610000,0,6,151.78955441506514,-32.92719918503204
10545610000,0,7,151.78951485506423,-32.92724633502859
10545610000,0,8,151.78946046505183,-32.927393845024454
10545610000,0,9,151.78937732503113,-32.9276327150182
10545620000,0,0,151.74232711378707,-32.91045403039877
10545620000,0,1,151.74229076379683,-32.91041840039504
10545620000,0,2,151.74191671389426,-32.91007441035687
10545620000,0,3,151.74182133391946,-32.90998387034711
10545620000,0,4,151.74143505401923,-32.90963478030774
10545620000,0,5,151.74138392403427,-32.90957491030242
10545620000,0,6,151.7410113241323,-32.90922491026435
10545620000,0,7,151.74079714419145,-32.9090027102423
10545620000,0,8,151.74197036408606,-32.90859014035135
10545620000,0,9,151.74202434407945,-32.90858411035645
10545620000,0,10,151.742072964073,-32.90858257036109
10545620000,0,11,151.74213490405725,-32.908636570367385
10545620000,0,12,151.7432890337538,-32.909719540485334
10545620000,0,13,151.74310511375901,-32.90986851046885
10545620000,0,14,151.74232711378707,-32.91045403039877
10545630000,0,0,151.74108549446126,-32.90669709025332
10545630000,0,1,151.74105958445577,-32.90676458025133
10545630000,0,2,151.74101384444018,-32.90692740024813
10545630000,0,3,151.74091953438597,-32.9074276902427
10545630000,0,4,151.74008948451464,-32.90731636016266
10545630000,0,5,151.74033775465966,-32.905981840176814
10545630000,0,6,151.74050372475324,-32.90511497018643
10545630000,0,7,151.74085401470688,-32.90510265021978
10545630000,0,8,151.74091234469802,-32.9051090302254
10545630000,0,9,151.74096632468877,-32.90512326023065
10545630000,0,10,151.74099369468357,-32.90513406023335
10545630000,0,11,151.74109016466275,-32.90519049024295
10545630000,0,12,151.74194879446173,-32.90581201032938
10545630000,0,13,151.74115174446692,-32.90658737025884
10545630000,0,14,151.74113123446645,-32.90661184025706
10545630000,0,15,151.7411114144649,-32.906643440255394
10545630000,0,16,151.74108549446126,-32.90669709025332
10545640000,0,0,151.7408420754331,-32.89970122017994
10545640000,0,1,151.74090909546322,-32.89940842018424
10545640000,0,2,151.74191276530465,-32.899565750281184
10545640000,0,3,151.74208559527844,-32.89958456029781
10545640000,0,4,151.74211687527418,-32.899584560300795
10545640000,0,5,151.7423566452468,-32.8995437903234
10545640000,0,6,151.742622695215,-32.89950879034855
10545640000,0,7,151.74276668519312,-32.89952516036241
10545640000,0,8,151.74340280509318,-32.89962075042383
10545640000,0,9,151.74326166502516,-32.90027208041503
10545640000,0,10,151.74304821505774,-32.900247050394476
10545640000,0,11,151.74173815526325,-32.900052650267995
10545640000,0,12,151.74157112528917,-32.90002987025189
10545640000,0,13,151.74153944526924,-32.90021095025017
10545640000,0,14,151.7407550253941,-32.90008127017435
10545640000,0,15,151.7408420754331,-32.89970122017994
10545650000,0,0,151.74431541553298,-32.89541072048079
10545650000,0,1,151.74507717541204,-32.89553484055441
10545650000,0,2,151.74517689539618,-32.89555121056405
10545650000,0,3,151.7448567852437,-32.897014390543966
10545650000,0,4,151.74448463506647,-32.89871543052064
10545650000,0,5,151.74435429509077,-32.89866737050785
10545650000,0,6,151.7442815851032,-32.898648740500775
10545650000,0,7,151.7436364452053,-32.89854632043844
10545650000,0,8,151.7437059452384,-32.89822907044281
10545650000,0,9,151.74386070531366,-32.897509790452425
10545650000,0,10,151.7438762153201,-32.89744589045344
10545650000,0,11,151.743968855365,-32.897016540459205
10545650000,0,12,151.74431541553298,-32.89541072048079
10545660000,0,0,151.74599266411803,-32.90424458070425
10545660000,0,1,151.7458990440751,-32.90466046069829
10545660000,0,2,151.74560707416362,-32.90429877066782
10545660000,0,3,151.74534048424582,-32.903958370639934
10545660000,0,4,151.74515670430253,-32.9037233106207
10545660000,0,5,151.7448824043732,-32.903476520592726
10545660000,0,6,151.74467143442317,-32.90331966057146
10545660000,0,7,151.74481335448834,-32.90268884058051
10545660000,0,8,151.74526489469574,-32.900682040609226
10545660000,0,9,151.74536661474247,-32.9002298606157
10545660000,0,10,151.74684548450816,-32.90046657075862
10545660000,0,11,151.74675190446527,-32.90088182075265
10545660000,0,12,151.74656071437784,-32.90172873074046
10545660000,0,13,151.7462468142339,-32.90312184072048
10545660000,0,14,151.74599266411803,-32.90424458070425
10545670000,0,0,151.745253208934,-32.9436166109157
10545670000,0,1,151.7452783889346,-32.943586640917886
10545670000,0,2,151.7452974789342,-32.94357018091959
10545670000,0,3,151.74531331893346,-32.94355938092102
10545670000,0,4,151.74561681891225,-32.943407360948925
10545670000,0,5,151.7456376589093,-32.94340817095092
10545670000,0,6,151.74620647885098,-32.94326103100418
10545670000,0,7,151.7476306283459,-32.94556664115668
10545670000,0,8,151.74773326831055,-32.94572486116761
10545670000,0,9,151.74725551833703,-32.946016011124065
10545670000,0,10,151.74675441837542,-32.94624191107783
10545670000,0,11,151.74563696877112,-32.944437400958215
10545670000,0,12,151.74531693888773,-32.9438962409238
10545670000,0,13,151.74523918891384,-32.94378130091553
10545670000,0,14,151.74522440892306,-32.94372739091374
10545670000,0,15,151.7452251389285,-32.94368627091352
10545670000,0,16,151.745235208932,-32.94365017091422
10545670000,0,17,151.745253208934,-32.9436166109157
10545680000,0,0,151.75185668306574,-32.906100201277546
10545680000,0,1,151.75178901303536,-32.906395481273215
10545680000,0,2,151.75192329301643,-32.90639937128606
10545680000,0,3,151.75197548300952,-32.90639765129103
10545680000,0,4,151.7530029228799,-32.90631484138857
10545680000,0,5,151.7528459728105,-32.90699192137841
10545680000,0,6,151.75176342294733,-32.907077341275645
10545680000,0,7,151.75163998296605,-32.90706374126376
10545680000,0,8,151.74978454325824,-32.90678078108452
10545680000,0,9,151.74987283330313,-32.90635597108992
10545680000,0,10,151.7499857633606,-32.90581273109681
10545680000,0,11,151.75185668306574,-32.906100201277546
10545690000,0,0,151.75068163186228,-32.91626488123816
10545690000,0,1,151.74985111214716,-32.91499077114971
10545690000,0,2,151.7504949420988,-32.91469349120908
10545690000,0,3,151.7508861119647,-32.915293241250716
10545690000,0,4,151.75100564192365,-32.91547686126347
10545690000,0,5,151.75109062188167,-32.915702671273195
10545690000,0,6,151.75106182185144,-32.91595736127227
10545690000,0,7,151.75103984183937,-32.916069601270976
10545690000,0,8,151.75080190185398,-32.916203781249216
10545690000,0,9,151.75068163186228,-32.91626488123816
10545700000,0,0,151.75022659361642,-32.9036609211044
10545700000,0,1,151.7506096638016,-32.90188999112827
10545700000,0,2,151.7511417537182,-32.901968301179664
10545700000,0,3,151.751393753678,-32.90201060120402
10545700000,0,4,151.75100962350277,-32.903708541179505
10545700000,0,5,151.75100061349764,-32.903755881178995
10545700000,0,6,151.7507673435324,-32.90373481115656
10545700000,0,7,151.75022659361642,-32.9036609211044
10545710000,0,0,151.75096855844293,-32.94143456144586
10545710000,0,1,151.75268577830647,-32.9406969316046
10545710000,0,2,151.75287330829244,-32.940609881621874
10545710000,0,3,151.75331575813328,-32.94134267166939
10545710000,0,4,151.75283155816857,-32.941574601624794
10545710000,0,5,151.75146644826862,-32.94222404149907
10545710000,0,6,151.75114174838157,-32.9417146514644
10545710000,0,7,151.75096855844293,-32.94143456144586
10545720000,0,0,151.75367759204684,-32.91183186149255
10545720000,0,1,151.7531519918244,-32.91402507145806
10545720000,0,2,151.7527951318807,-32.91397035142357
10545720000,0,3,151.75231282195676,-32.91389574137699
10545720000,0,4,151.7524935320376,-32.9131093913886
10545720000,0,5,151.7526623821098,-32.91239903139964
10545720000,0,6,151.75283302218187,-32.91168795141085
10545720000,0,7,151.75367759204684,-32.91183186149255
10545730000,0,0,151.75270737765462,-32.945527221641235
10545730000,0,1,151.75322830764333,-32.94507921168778
10545730000,0,2,151.75373120751908,-32.94549050173877
10545730000,0,3,151.75442419734756,-32.946059111809035
10545730000,0,4,151.7541782973525,-32.94627349178708
10545730000,0,5,151.75413405733255,-32.94646709178425
10545730000,0,6,151.75406849725812,-32.94708799178244
10545730000,0,7,151.75244600766035,-32.94575140161789
10545730000,0,8,151.75270737765462,-32.945527221641235
10545740000,0,0,151.75415383669582,-32.95118561181992
10545740000,0,1,151.7541266767006,-32.95117773181727
10545740000,0,2,151.75400272671817,-32.951173621805395
10545740000,0,3,151.7537959967262,-32.95132503178674
10545740000,0,4,151.75374018673307,-32.95133097178145
10545740000,0,5,151.7536912367394,-32.95133367177679
10545740000,0,6,151.75364192674616,-32.951334021772084
10545740000,0,7,151.75335787678677,-32.951322051744874
10545740000,0,8,151.75331324679337,-32.95131818174058
10545740000,0,9,151.75326896680022,-32.95131243173631
10545740000,0,10,151.7531803868147,-32.95129513172772
10545740000,0,11,151.7531364768222,-32.95128425172345
10545740000,0,12,151.7530500768374,-32.951259321715014
10545740000,0,13,151.75300613684539,-32.95124502171072
10545740000,0,14,151.75294097685753,-32.951221241704324
10545740000,0,15,151.7525126169512,-32.950961431661554
10545740000,0,16,151.75326823693348,-32.950321611729144
10545740000,0,17,151.7533334269171,-32.95037687173577
10545740000,0,18,151.75339496690228,-32.950424121741996
10545740000,0,19,151.75350402687693,-32.950501611752955
10545740000,0,20,151.75451708671216,-32.95069331185109
10545740000,0,21,151.7542875767055,-32.95097699183119
10545740000,0,22,151.75425589670706,-32.95099778182833
10545740000,0,23,151.75421340670974,-32.951021371824446
10545740000,0,24,151.75416807671314,-32.95104224182027
10545740000,0,25,151.75415383669582,-32.95118561181992
10545750000,0,0,151.75486124845878,-32.93734173178836
10545750000,0,1,151.75287221890756,-32.93603160158899
10545750000,0,2,151.75285458891133,-32.936021611587236
10545750000,0,3,151.75270124894595,-32.93592045157186
10545750000,0,4,151.75343420895152,-32.93513052163621
10545750000,0,5,151.7541819487827,-32.935623801711166
10545750000,0,6,151.75459665868803,-32.9359055017528
10545750000,0,7,151.75559277846426,-32.936553781852595
10545750000,0,8,151.75486124845878,-32.93734173178836
10545760000,0,0,151.7558815009652,-32.91763829174468
10545760000,0,1,151.7537085113054,-32.91732266153484
10545760000,0,2,151.75383560136143,-32.91677565154307
10545760000,0,3,151.75395798134255,-32.91679130155486
10545760000,0,4,151.75599056102112,-32.917110541751306
10545760000,0,5,151.7558815009652,-32.91763829174468
10545770000,0,0,151.7554966425236,-32.90642410162755
10545770000,0,1,151.75564998259313,-32.905749561637364
10545770000,0,2,151.75645747246506,-32.905879611715434
10545770000,0,3,151.7560945823022,-32.907462991692114
10545770000,0,4,151.75590851232639,-32.90747298167441
10545770000,0,5,151.75566549235944,-32.90747459165121
10545770000,0,6,151.7538366925909,-32.90761661147754
10545770000,0,7,151.7540019326644,-32.90690048148819
10545770000,0,8,151.75405485265708,-32.90690101149325
10545770000,0,9,151.75414194264394,-32.90691021150163
10545770000,0,10,151.7553400624539,-32.90710326161745
10545770000,0,11,151.7554966425236,-32.90642410162755
10545790000,0,0,151.73150048663538,-32.90027791929244
10545790000,0,1,151.72911010701043,-32.89992268906178
10545790000,0,2,151.72908991701544,-32.89990577905974
10545790000,0,3,151.7286654971275,-32.89950363901636
10545790000,0,4,151.7287364171574,-32.899208459021004
10545790000,0,5,151.72895457712315,-32.89924075904206
10545790000,0,6,151.72934264706385,-32.89928655907942
10545790000,0,7,151.73051589688126,-32.89944982919254
10545790000,0,8,151.73162290670876,-32.899605259299285
10545790000,0,9,151.73150048663538,-32.90027791929244
10545800000,0,0,151.73119917723133,-32.89614105923402
10545800000,0,1,151.73090360707968,-32.8975740492161
10545800000,0,2,151.72915006735454,-32.8973152990469
10545800000,0,3,151.72917346736565,-32.89720847904838
10545800000,0,4,151.72918134737571,-32.89712538904853
10545800000,0,5,151.7292267174008,-32.8968920290512
10545800000,0,6,151.72926705742148,-32.89669653905365
10545800000,0,7,151.72928687742836,-32.89662481905503
10545800000,0,8,151.72946612752025,-32.895756499065904
10545800000,0,9,151.729485577516,-32.89576846906784
10545800000,0,10,151.72961986748786,-32.89584072908117
10545800000,0,11,151.72986572744043,-32.89594370910537
10545800000,0,12,151.72992766743013,-32.89595683911138
10545800000,0,13,151.7300367274131,-32.895972639121894
10545800000,0,14,151.73119917723133,-32.89614105923402
10545810000,0,0,151.73203006679302,-32.89856124933066
10545810000,0,1,151.73257760708762,-32.89580456936316
10545810000,0,2,151.73360073685052,-32.896527969466
10545810000,0,3,151.7335747868433,-32.89660844946409
10545810000,0,4,151.73354926683294,-32.896711589462384
10545810000,0,5,151.73325153666346,-32.89827954944521
10545810000,0,6,151.73320437662167,-32.898639559443296
10545810000,0,7,151.7330952766238,-32.898735129433575
10545810000,0,8,151.7328828866591,-32.898688789412965
10545810000,0,9,151.73203006679302,-32.89856124933066
10545820000,0,0,151.73754415530337,-32.90403622989618
10545820000,0,1,151.73874657511095,-32.90424269001244
10545820000,0,2,151.7396454949661,-32.90440461009941
10545820000,0,3,151.7396933449587,-32.90441080010403
10545820000,0,4,151.7396563049317,-32.9046501201022
10545820000,0,5,151.73959509488037,-32.90509490009955
10545820000,0,6,151.7392865549239,-32.90508581007003
10545820000,0,7,151.73862488502957,-32.90497376000606
10545820000,0,8,151.73739837522535,-32.904767019887494
10545820000,0,9,151.73752725528473,-32.90419264989569
10545820000,0,10,151.73753663529124,-32.90413459989616
10545820000,0,11,151.73754415530337,-32.90403622989618
10545830000,0,0,151.7377817746867,-32.90839061995006
10545830000,0,1,151.73850534454604,-32.908700210021344
10545830000,0,2,151.73889848448712,-32.90873801005915
10545830000,0,3,151.73935966442494,-32.90873044010313
10545830000,0,4,151.7397225443823,-32.90867753013739
10545830000,0,5,151.74030465431574,-32.908579330192254
10545830000,0,6,151.74026815430352,-32.90870756018969
10545830000,0,7,151.7402308442843,-32.90888902018743
10545830000,0,8,151.73999217415158,-32.91012175017348
10545830000,0,9,151.73995830411025,-32.9104646501727
10545830000,0,10,151.7377817746867,-32.90839061995006
10545840000,0,0,151.73958322008488,-32.940839580354464
10545840000,0,1,151.7391083602052,-32.94042855030621
10545840000,0,2,151.73894637024802,-32.94027527028964
10545840000,0,3,151.73913175024336,-32.94012056030622
10545840000,0,4,151.74049364020755,-32.93899546042818
10545840000,0,5,151.74106786019257,-32.93852018047959
10545840000,0,6,151.7412255001819,-32.93843856049406
10545840000,0,7,151.74165650014942,-32.938240370533784
10545840000,0,8,151.74200887012464,-32.93806487056618
10545840000,0,9,151.742451319972,-32.93874960061332
10545840000,0,10,151.74174789002453,-32.93907719054851
10545840000,0,11,151.74165215003063,-32.93912938053975
10545840000,0,12,151.7397743700802,-32.94067883037157
10545840000,0,13,151.73958322008488,-32.940839580354464
10545850000,0,0,151.74089398607302,-32.894877920150314
10545850000,0,1,151.74035757615746,-32.89479574009853
10545850000,0,2,151.73961414627485,-32.89467938002671
10545850000,0,3,151.73967429627226,-32.89463762003216
10545850000,0,4,151.73975817627246,-32.89455042003954
10545850000,0,5,151.73982047627604,-32.89446014004484
10545850000,0,6,151.73987913628383,-32.8943420700496
10545850000,0,7,151.74000440631846,-32.89395595005878
10545850000,0,8,151.7402657764425,-32.892764540075206
10545850000,0,9,151.74132165627702,-32.89292016017711
10545850000,0,10,151.74130613627042,-32.892985150176095
10545850000,0,11,151.74122083623428,-32.89334179017051
10545850000,0,12,151.74121831622938,-32.893380680170544
10545850000,0,13,151.7410588561517,-32.89412264016065
10545850000,0,14,151.74089398607302,-32.894877920150314
10545860000,0,0,151.7595664610385,-32.913331972065855
10545860000,0,1,151.75957552104197,-32.913297112066466
10545860000,0,2,151.76002760097046,-32.913368062110166
10545860000,0,3,151.75998333094873,-32.91357533210742
10545860000,0,4,151.75986850092428,-32.913874412098586
10545860000,0,5,151.7596676008993,-32.9142653720822
10545860000,0,6,151.75949047087792,-32.91460538206771
10545860000,0,7,151.75941123086793,-32.91476083206126
10545860000,0,8,151.7593657508638,-32.91483772205746
10545860000,0,9,151.7590953909019,-32.91482984203158
10545860000,0,10,151.75924858092088,-32.91453221204408
10545860000,0,11,151.75928348092793,-32.914443932046765
10545860000,0,12,151.75929749093498,-32.91437740204765
10545860000,0,13,151.75931841093168,-32.914380472049665
10545860000,0,14,151.7594174009696,-32.91399708205638
10545860000,0,15,151.75939615097292,-32.913993922054324
10545860000,0,16,151.7594123609796,-32.913927852055394
10545860000,0,17,151.75944189099002,-32.91382040205745
10545860000,0,18,151.75945696099623,-32.91375839205844
10545860000,0,19,151.7594779109929,-32.91376181206047
10545860000,0,20,151.7595596010243,-32.913444652066005
10545860000,0,21,151.75953839102766,-32.913441322063946
10545860000,0,22,151.7595664610385,-32.913331972065855
10545870000,0,0,151.64879914034503,-32.807558370748886
10545870000,0,1,151.6478390405176,-32.807247260655345
10545870000,0,2,151.64856517063313,-32.805637240712834
10545870000,0,3,151.64915808072786,-32.80431973075978
10545870000,0,4,151.64923798074415,-32.80411534076591
10545870000,0,5,151.64969124064993,-32.80435808081075
10545870000,0,6,151.6501696805626,-32.80452304085744
10545870000,0,7,151.64933449043002,-32.80637273079129
10545870000,0,8,151.64879914034503,-32.807558370748886
10545880000,0,0,151.65098724069296,-32.80270847092217
10545880000,0,1,151.65051347079356,-32.802438900875174
10545880000,0,2,151.6509821710403,-32.80010863090303
10545880000,0,3,151.65214356085994,-32.80027226101466
10545880000,0,4,151.65210359083568,-32.80049500101246
10545880000,0,5,151.6515959905637,-32.80305460098255
10545880000,0,6,151.65098724069296,-32.80270847092217
10545890000,0,0,151.652090200453,-32.80337885103189
10545890000,0,1,151.65194664048715,-32.803269611017456
10545890000,0,2,151.6515959905637,-32.80305460098255
10545890000,0,3,151.65210359083568,-32.80049500101246
10545890000,0,4,151.65214356085994,-32.80027226101466
10545890000,0,5,151.65325922068672,-32.80042884112191
10545890000,0,6,151.65276778042755,-32.80287586109273
10545890000,0,7,151.65273720041048,-32.803034971090966
10545890000,0,8,151.65263317036,-32.803520271084544
10545890000,0,9,151.6526064903301,-32.80377163108381
10545890000,0,10,151.652090200453,-32.80337885103189
10545900000,0,0,151.65352426985564,-32.88130394172725
10545900000,0,1,151.65368793981602,-32.88143272174376
10545900000,0,2,151.6537998897902,-32.88151111175495
10545900000,0,3,151.65390861975996,-32.88162605176613
10545900000,0,4,151.65375024976595,-32.881743321751905
10545900000,0,5,151.6533556797654,-32.8821521917173
10545900000,0,6,151.65295928985623,-32.88187859167763
10545900000,0,7,151.65282500988772,-32.88178058166416
10545900000,0,8,151.65280270989305,-32.88176356166192
10545900000,0,9,151.6526990499196,-32.881671321651396
10545900000,0,10,151.6517677101681,-32.88076600155633
10545900000,0,11,151.65171511018366,-32.88070354155088
10545900000,0,12,151.65169029019387,-32.88065243154814
10545900000,0,13,151.6516651102135,-32.880531461544884
10545900000,0,14,151.6516651102499,-32.88025877154292
10545900000,0,15,151.65192178035934,-32.87917633155958
10545900000,0,16,151.65198872038778,-32.87889491156393
10545900000,0,17,151.6524326303216,-32.87893513160644
10545900000,0,18,151.65265689028638,-32.87896880162801
10545900000,0,19,151.65275230027032,-32.87899120163725
10545900000,0,20,151.65281928025667,-32.879024781643864
10545900000,0,21,151.65285848024084,-32.87910316164816
10545900000,0,22,151.65284735023266,-32.879175961647604
10545900000,0,23,151.65280811021856,-32.879321591644924
10545900000,0,24,151.65278004019547,-32.879523191643706
10545900000,0,25,151.65270729015907,-32.87987032163927
10545900000,0,26,151.6526399901294,-32.880161571634964
10545900000,0,27,151.6526457601069,-32.88032392163667
10545900000,0,28,151.6526503901,-32.880370641637434
10545900000,0,29,151.65265689009038,-32.880435981638534
10545900000,0,30,151.6527072900693,-32.880542351644095
10545900000,0,31,151.65290888001326,-32.88075510166479
10545900000,0,32,151.6531554799458,-32.88100711169005
10545900000,0,33,151.65352426985564,-32.88130394172725
10545910000,0,0,151.65442776074377,-32.87372971175891
10545910000,0,1,151.65454259080565,-32.87314866176567
10545910000,0,2,151.6544716708197,-32.87311636175868
10545910000,0,3,151.65332111105837,-32.872508861644896
10545910000,0,4,151.65319114108902,-32.87241247163183
10545910000,0,5,151.65306872111796,-32.87232149161954
10545910000,0,6,151.65227459126322,-32.87204787154203
10545910000,0,7,151.65238836127963,-32.87180821155114
10545910000,0,8,151.65255217128586,-32.87159383156519
10545910000,0,9,151.65274463129634,-32.87131790158152
10545910000,0,10,151.6547204208858,-32.87236630177697
10545910000,0,11,151.655760810671,-32.87290811187983
10545910000,0,12,151.65546706065578,-32.873323171854864
10545910000,0,13,151.6554328606495,-32.8734051618522
10545910000,0,14,151.65541056062986,-32.873575091851286
10545910000,0,15,151.65537023060938,-32.87377004184884
10545910000,0,16,151.65528941061143,-32.87383732184164
10545910000,0,17,151.65442776074377,-32.87372971175891
10545920000,0,0,151.65367893028426,-32.80301725118041
10545920000,0,1,151.65370127028064,-32.80302193118257
10545920000,0,2,151.65383377025728,-32.80306108119545
10545920000,0,3,151.65386939025032,-32.80307666119894
10545920000,0,4,151.65389783024426,-32.80309331120177
10545920000,0,5,151.65457428008813,-32.80357148126955
10545920000,0,6,151.65367247012122,-32.80424665118861
10545920000,0,7,151.65348059012894,-32.80438498117135
10545920000,0,8,151.65281096028338,-32.80391249110427
10545920000,0,9,151.6526064903301,-32.80377163108381
10545920000,0,10,151.65263317036,-32.803520271084544
10545920000,0,11,151.65273720041048,-32.803034971090966
10545920000,0,12,151.65276778042755,-32.80287586109273
10545920000,0,13,151.65352235030963,-32.802987471165295
10545920000,0,14,151.65360696029612,-32.80300195117346
10545920000,0,15,151.65367893028426,-32.80301725118041
10545930000,0,0,151.65341145129952,-32.87061085163988
10545930000,0,1,151.65348562130464,-32.870496561646114
10545930000,0,2,151.65402816132806,-32.869765031692474
10545930000,0,3,151.65429311126823,-32.86994161171893
10545930000,0,4,151.6545580611831,-32.87030738174676
10545930000,0,5,151.65458544117124,-32.8703678517498
10545930000,0,6,151.65404075114944,-32.87108930170318
10545930000,0,7,151.65465888101767,-32.87144244176448
10545930000,0,8,151.65489861096628,-32.87158114178829
10545930000,0,9,151.655186270872,-32.8719920818186
10545930000,0,10,151.65487342089563,-32.87213608178987
10545930000,0,11,151.6547204208858,-32.87236630177697
10545930000,0,12,151.65274463129634,-32.87131790158152
10545930000,0,13,151.65292243129468,-32.87114837159721
10545930000,0,14,151.65332181129338,-32.870748731632325
10545930000,0,15,151.65341145129952,-32.87061085163988
10545940000,0,0,151.65436656051483,-32.80058446122836
10545940000,0,1,151.65395148029882,-32.80262890120355
10545940000,0,2,151.65389494028474,-32.80279251119934
10545940000,0,3,151.65367893028426,-32.80301725118041
10545940000,0,4,151.65360696029612,-32.80300195117346
10545940000,0,5,151.65352235030963,-32.802987471165295
10545940000,0,6,151.65276778042755,-32.80287586109273
10545940000,0,7,151.65325922068672,-32.80042884112191
10545940000,0,8,151.65436656051483,-32.80058446122836
10545950000,0,0,151.65396190962656,-32.88257014177797
10545950000,0,1,151.6533556797654,-32.8821521917173
10545950000,0,2,151.65375024976595,-32.881743321751905
10545950000,0,3,151.65390861975996,-32.88162605176613
10545950000,0,4,151.65411848975197,-32.88147079178497
10545950000,0,5,151.65421784974473,-32.88142301179409
10545950000,0,6,151.65429847973812,-32.881389971801525
10545950000,0,7,151.65443925972502,-32.881343531814565
10545950000,0,8,151.6551693296523,-32.88113959188255
10545950000,0,9,151.6554706396218,-32.881058851910645
10545950000,0,10,151.65558947960864,-32.881035541921776
10545950000,0,11,151.65573456959137,-32.881016031935445
10545950000,0,12,151.6558043895825,-32.881010791942046
10545950000,0,13,151.656024009553,-32.88100657196291
10545950000,0,14,151.656242869522,-32.881014401983784
10545950000,0,15,151.6563936794986,-32.88103492199828
10545950000,0,16,151.65651069947958,-32.88105715200958
10545950000,0,17,151.65782433926134,-32.881344072136606
10545950000,0,18,151.65763245920255,-32.881980472122905
10545950000,0,19,151.65761555919718,-32.88203806212172
10545950000,0,20,151.65682678931464,-32.881967502046166
10545950000,0,21,151.65670655933093,-32.881968852034746
10545950000,0,22,151.65669827933806,-32.881924122033645
10545950000,0,23,151.65669071934104,-32.881909452032815
10545950000,0,24,151.65667126934696,-32.881885252030784
10545950000,0,25,151.6566579393501,-32.881875262029446
10545950000,0,26,151.65661257935926,-32.88185302202498
10545950000,0,27,151.6564851493803,-32.88182629201266
10545950000,0,28,151.65631089940706,-32.88180487199592
10545950000,0,29,151.65613303943246,-32.88179695197895
10545950000,0,30,151.65595918945596,-32.88179937196244
10545950000,0,31,151.65578566947767,-32.881814951946026
10545950000,0,32,151.655598459499,-32.881846901928455
10545950000,0,33,151.65541953951754,-32.88189163191176
10545950000,0,34,151.65469197958876,-32.88210438184408
10545950000,0,35,151.65461098959628,-32.88213102183655
10545950000,0,36,151.65453466960287,-32.882159921829505
10545950000,0,37,151.65446016960863,-32.88219331182266
10545950000,0,38,151.65438742961368,-32.88222994181601
10545950000,0,39,151.65424631962122,-32.88231850180321
10545950000,0,40,151.65414911962435,-32.88239446179451
10545950000,0,41,151.65396190962656,-32.88257014177797
10545970000,0,0,151.65731096865036,-32.88644239212432
10545970000,0,1,151.6570006786997,-32.88639128209442
10545970000,0,2,151.6569257787125,-32.886372372087166
10545970000,0,3,151.65684945872675,-32.8863438420797
10545970000,0,4,151.65678214874063,-32.88630910207305
10545970000,0,5,151.65672309875396,-32.886269952067146
10545970000,0,6,151.6566691087673,-32.886225502061684
10545970000,0,7,151.65662158878038,-32.88617634205682
10545970000,0,8,151.65658125879304,-32.886122712052604
10545970000,0,9,151.65654595880622,-32.886060262048794
10545970000,0,10,151.65650964882533,-32.88595442204458
10545970000,0,11,151.65650887884485,-32.88580915204346
10545970000,0,12,151.65651898885363,-32.88573319204387
10545970000,0,13,151.6565323088635,-32.885645802044515
10545970000,0,14,151.65683719903276,-32.884066312062195
10545970000,0,15,151.65689048906037,-32.88380522206541
10545970000,0,16,151.65698516907202,-32.88362081207308
10545970000,0,17,151.65713025906527,-32.88352270208619
10545970000,0,18,151.65738980904078,-32.88343990211028
10545970000,0,19,151.65782145898726,-32.88339796215105
10545970000,0,20,151.6578380289658,-32.88354159215366
10545970000,0,21,151.65784126895298,-32.88363413215463
10545970000,0,22,151.65783334894482,-32.88370334215438
10545970000,0,23,151.65776564890655,-32.88405937215049
10545970000,0,24,151.65735169867332,-32.88622890212665
10545970000,0,25,151.65731096865036,-32.88644239212432
10545980000,0,0,151.6584795508351,-32.868893482109684
10545980000,0,1,151.6583902709394,-32.868204422096255
10545980000,0,2,151.65854434091978,-32.86819327211084
10545980000,0,3,151.65865669090454,-32.86819236212152
10545980000,0,4,151.6587750908877,-32.868196882132814
10545980000,0,5,151.65889317087013,-32.868207402144115
10545980000,0,6,151.65901592085106,-32.86822431215593
10545980000,0,7,151.65913655083148,-32.86824746216757
10545980000,0,8,151.65926613080947,-32.86827941218013
10545980000,0,9,151.65939253078693,-32.86831855219244
10545980000,0,10,151.6595059307658,-32.868360772203516
10545980000,0,11,151.65961642074424,-32.86840881221438
10545980000,0,12,151.65973234072064,-32.868466872225824
10545980000,0,13,151.65984286069684,-32.868531582236805
10545980000,0,14,151.65994006067496,-32.868595762246514
10545980000,0,15,151.6600318606532,-32.86866459225574
10545980000,0,16,151.6601222306306,-32.868741022264885
10545980000,0,17,151.66021009060728,-32.86882569227386
10545980000,0,18,151.66028207058693,-32.868904352281255
10545980000,0,19,151.66034831056695,-32.86898599228816
10545980000,0,20,151.66041671054467,-32.869082662295355
10545980000,0,21,151.66047752052296,-32.86918263230186
10545980000,0,22,151.66053118050164,-32.86928740230773
10545980000,0,23,151.66057257048297,-32.86938487231236
10545980000,0,24,151.66060786046444,-32.869487382316436
10545980000,0,25,151.66063630044687,-32.86958961231989
10545980000,0,26,151.66065648043048,-32.86969186232254
10545980000,0,27,151.66066834041482,-32.86979654232441
10545980000,0,28,151.66067448040135,-32.86989103232568
10545980000,0,29,151.66067192038673,-32.87000344232623
10545980000,0,30,151.6598457504927,-32.87005663224801
10545980000,0,31,151.6598507805053,-32.86995710224779
10545980000,0,32,151.65984863052026,-32.869847372246795
10545980000,0,33,151.65983892053157,-32.86977269224533
10545980000,0,34,151.65982271054392,-32.869696802243254
10545980000,0,35,151.65979895055727,-32.86962103224043
10545980000,0,36,151.65976869057135,-32.86954688223702
10545980000,0,37,151.65972946058687,-32.86947101223275
10545980000,0,38,151.65968339060288,-32.86939829222785
10545980000,0,39,151.65963189061898,-32.86933043222246
10545980000,0,40,151.65957430063543,-32.869266342216534
10545980000,0,41,151.6595113006521,-32.86920631221009
10545980000,0,42,151.65944257066894,-32.86915051220314
10545980000,0,43,151.65936913068592,-32.869098752195804
10545980000,0,44,151.65928773070345,-32.869050712187715
10545980000,0,45,151.65920353072053,-32.869009122179406
10545980000,0,46,151.6591181507369,-32.86897412217102
10545980000,0,47,151.6590249707538,-32.86894324216194
10545980000,0,48,151.65892846077028,-32.86891877215258
10545980000,0,49,151.65882875078634,-32.868900772142965
10545980000,0,50,151.65872290080233,-32.86888959213282
10545980000,0,51,151.65861705081727,-32.868886262122714
10545980000,0,52,151.65851160083116,-32.86889050211271
10545980000,0,53,151.6584795508351,-32.868893482109684
10545990000,0,0,151.659407993683,-32.921446002574605
10545990000,0,1,151.65976401365768,-32.92127023260721
10545990000,0,2,151.66089405356942,-32.92077083271116
10545990000,0,3,151.66129365353538,-32.92061583274806
10545990000,0,4,151.6623257634546,-32.92016134284303
10545990000,0,5,151.66233872345387,-32.9201535228442
10545990000,0,6,151.66235529345192,-32.92015098284577
10545990000,0,7,151.662374023451,-32.92013885284745
10545990000,0,8,151.66309475339466,-32.91982078291377
10545990000,0,9,151.66314260339036,-32.9198041329182
10545990000,0,10,151.6631912233856,-32.91978964292272
10545990000,0,11,151.66327006337718,-32.919771642930094
10545990000,0,12,151.6633460133684,-32.91975958293724
10545990000,0,13,151.66345256335484,-32.91975157294733
10545990000,0,14,151.66352997334417,-32.91975210295468
10545990000,0,15,151.6636091833324,-32.91975876296228
10545990000,0,16,151.66391479328576,-32.91979397299163
10545990000,0,17,151.66385073325202,-32.920111932987794
10545990000,0,18,151.66381402323688,-32.920263042985376
10545990000,0,19,151.66378774323056,-32.92033693298341
10545990000,0,20,151.6637549632256,-32.920407672980794
10545990000,0,21,151.66371645322167,-32.920476622977624
10545990000,0,22,151.66368692321979,-32.92052098297513
10545990000,0,23,151.66363619321794,-32.92058658297078
10545990000,0,24,151.66358038321752,-32.9206470829659
10545990000,0,25,151.66343062322136,-32.920772082952546
10545990000,0,26,151.66335718322514,-32.92081915294589
10545990000,0,27,151.6632884232296,-32.92085631293962
10545990000,0,28,151.66321859323517,-32.92088628293319
10545990000,0,29,151.66310303324565,-32.92092634292247
10545990000,0,30,151.66307672324874,-32.92093029292
10545990000,0,31,151.66306522324922,-32.920938142918956
10545990000,0,32,151.66289637326597,-32.92098628290324
10545990000,0,33,151.66227430333188,-32.92113135284508
10545990000,0,34,151.6621947333396,-32.92115548283768
10545990000,0,35,151.66209034334844,-32.92119634282804
10545990000,0,36,151.66199424335514,-32.92124494281925
10545990000,0,37,151.66194598335787,-32.92127382281486
10545990000,0,38,151.66190207335995,-32.9213033528109
10545990000,0,39,151.66177571336473,-32.921397122799526
10545990000,0,40,151.66171235336807,-32.92143708279381
10545990000,0,41,151.66161551337433,-32.92148992278497
10545990000,0,42,151.66151506338196,-32.92153556277572
10545990000,0,43,151.66141173339088,-32.921574962766186
10545990000,0,44,151.66134150339747,-32.92159774275966
10545990000,0,45,151.6612677434048,-32.921618532752795
10545990000,0,46,151.66115758341667,-32.921642752742486
10545990000,0,47,151.66099344343607,-32.921665972727034
10545990000,0,48,151.66077236345697,-32.921736532706504
10545990000,0,49,151.66066797346127,-32.9218116726971
10545990000,0,50,151.66064279346188,-32.92183272269486
10545990000,0,51,151.66057617346112,-32.92190698268905
10545990000,0,52,151.66053511345837,-32.921969632685595
10545990000,0,53,151.66051066345477,-32.92202137268364
10545990000,0,54,151.66048835344895,-32.92208769268199
10545990000,0,55,151.6604267834163,-32.92239496267834
10545990000,0,56,151.66023921344635,-32.92236273266026
10545990000,0,57,151.6601240134669,-32.92232710264904
10545990000,0,58,151.66006678347816,-32.922301632643425
10545990000,0,59,151.66000845349058,-32.92226886263763
10545990000,0,60,151.65996816349968,-32.9222421526336
10545990000,0,61,151.65991198351313,-32.922199122627944
10545990000,0,62,151.6598489835301,-32.92213666262151
10545990000,0,63,151.65979679354606,-32.922070882616076
10545990000,0,64,151.6596218136085,-32.921783502597364
10545990000,0,65,151.659407993683,-32.921446002574605
